Activiteits-ID,Datum van activiteit,Naam activiteit,Activiteitstype,Beweegtijd,Afstand,Max. hartslag,Gemiddelde snelheid,Max. snelheid,Totale stijging,Gemiddelde hartslag,Calorie√´n,Uitrusting voor activiteit
17114167039,"20 jan 2026, 11:55:58",Zwift - Recovery Spin on Suki's Playground in Makuri Islands,Virtuele fietsrit,2895,"23,41",145.0,"29,1","55,9",165.0,128.1,417.1,
17106931201,"19 jan 2026, 19:24:46",Zwift - Neon After Party in Makuri Islands,Virtuele fietsrit,2333,"23,00",188.0,"35,5","62,4",206.0,164.1,541.3,
17089515541,"18 jan 2026, 08:42:08",Ochtendloop,Hardloopsessie,7237,"21,10",189.0,"10,5","17,6",150.3,179.2,0.0,
17057192120,"15 jan 2026, 12:00:35",Middagloop,Hardloopsessie,2088,"6,38",189.0,"11,0","14,7",29.5,178.5,0.0,
17051210807,"14 jan 2026, 20:01:32",Padel,Padel,5077,"0,00",166.0,"0,0","0,0",0.0,129.1,0.0,
17045135820,"14 jan 2026, 11:03:51",Middagrit,Fietsrit,3369,"26,75",220.0,"28,6","45,1",192.0,183.7,482.7,
17036264210,"13 jan 2026, 17:12:48",Namiddagloop,Hardloopsessie,1628,"5,03",190.0,"11,1","15,3",29.9,178.8,0.0,
17022026395,"12 jan 2026, 12:50:41",Zwift - Southern Coast Cruise in Watopia,Virtuele fietsrit,2425,"24,07",194.0,"35,7","50,9",137.0,160.5,521.9,
17001422399,"10 jan 2026, 10:25:26",Ochtendwandeling,Wandeling,15165,"16,01",152.0,"3,8","11,4",186.4,117.5,0.0,
16977963482,"8 jan 2026, 11:32:11",Zwift - Watts of the Wild in Watopia,Virtuele fietsrit,4322,"42,19",191.0,"35,1","61,1",308.0,165.4,885.4,
16959690362,"6 jan 2026, 19:21:46",Zwift - INEOS Grenadiers Virtual Training Camp | The Cafe Ride on Scotland After Party in Scotland,Virtuele fietsrit,2140,"13,67",159.0,"23,0","50,8",189.0,133.1,282.2,
16944021484,"5 jan 2026, 12:15:21",Zwift - SST (Short) on Mayan 8 in Watopia,Virtuele fietsrit,3007,"25,84",177.0,"30,9","79,3",251.0,156.9,619.7,
16932106443,"4 jan 2026, 10:28:00",Zwift - Three Little Sisters in Watopia,Virtuele fietsrit,3845,"37,97",188.0,"35,6","64,7",434.0,169.0,885.3,
16913338588,"2 jan 2026, 15:34:23",Zwift - Mend on Scotland After Party in Scotland,Virtuele fietsrit,1994,"13,14",147.0,"23,7","47,2",169.0,129.0,250.6,
16901336065,"1 jan 2026, 10:21:08",Happy new year ‚òÉÔ∏è,Hardloopsessie,5079,"15,02",183.0,"10,6","20,4",131.8,168.7,0.0,
16876268645,"29 dec 2025, 17:30:15",Zwift - Group Ride: SYN Community Spin					 							 (C) on Leith Hill After Party in London,Virtuele fietsrit,4467,"42,27",188.0,"34,1","60,8",438.0,167.7,939.5,
16862481544,"28 dec 2025, 11:31:28",Middagloop,Hardloopsessie,1561,"5,11",191.0,"11,8","17,1",39.2,173.8,0.0,
16851089267,"27 dec 2025, 08:03:07",Ochtendwandeling,Wandeling,3058,"5,03",138.0,"5,9","31,4",49.3,109.7,0.0,
16843091678,"26 dec 2025, 11:31:51",Middagloop,Hardloopsessie,1681,"5,08",180.0,"10,9","15,1",38.2,171.8,0.0,
16836407560,"25 dec 2025, 11:45:48",Zwift - Richmond Loop Around in Richmond,Virtuele fietsrit,5411,"47,70",190.0,"31,7","67,8",575.0,166.2,1108.1,
16822643097,"23 dec 2025, 19:09:09",Zwift - Watts the Limit in New York,Virtuele fietsrit,1883,"17,87",179.0,"34,2","68,1",109.0,146.3,327.7,
16809977622,"22 dec 2025, 12:12:24",Zwift - Race: Stage 3: Fresh Outta '25: Hell of the North (C) on Hell of the North in France,Virtuele fietsrit,2049,"20,15",189.0,"35,4","51,0",240.0,165.0,489.9,
16801876755,"21 dec 2025, 11:58:46",Zwift - The Big Ring in Watopia,Virtuele fietsrit,4834,"49,01",184.0,"36,5","72,9",271.0,171.2,1113.5,
16785516014,"19 dec 2025, 15:48:00",Namiddagloop,Hardloopsessie,1737,"5,52",190.0,"11,4","19,4",32.3,177.8,0.0,
16770827099,"17 dec 2025, 20:01:32",Avondtraining,Padel,5496,"0,00",154.0,"0,0","0,0",0.0,120.4,0.0,
16735848583,"14 dec 2025, 00:14:02",Piste rijden voor de warmste week,Fietsrit,4796,"9,30",239.0,"7,0","36,4",20.9,177.2,379.9,
16683416935,"8 dec 2025, 12:24:36",Zwift - Countryside Tour in Makuri Islands,Virtuele fietsrit,1810,"14,23",177.0,"28,3","65,3",183.0,149.3,362.9,
16674371203,"7 dec 2025, 11:50:37",Middagloop,Hardloopsessie,2374,"7,01",181.0,"10,6","22,1",31.7,171.7,0.0,
16655546017,"5 dec 2025, 11:10:58",Middagloop,Hardloopsessie,1504,"5,01",191.0,"12,0","20,8",50.6,174.9,0.0,
16647371455,"4 dec 2025, 12:30:17",Zwift - 45min Riders Choice on Tick Tock in Watopia,Virtuele fietsrit,2723,"23,55",158.0,"31,1","52,7",65.0,139.9,363.1,
16641445520,"3 dec 2025, 19:39:34",Zwift - Loopin Lava in Watopia,Virtuele fietsrit,2051,"18,43",187.0,"32,3","63,6",212.0,148.3,396.2,
16617880570,"1 dec 2025, 12:22:51",Zwift - Flat Out Fast in Watopia,Virtuele fietsrit,2211,"22,05",178.0,"35,9","44,3",48.0,151.1,441.9,
16607385328,"30 nov 2025, 09:41:19",Ochtendloop,Hardloopsessie,4136,"12,61",187.0,"11,0","28,9",81.2,170.3,0.0,
16590759709,"28 nov 2025, 13:12:31",Zwift - Race: Stage 2: NYC Showdown: Prospect Park Loop (C) on Prospect Park Loop in New York,Virtuele fietsrit,1970,"22,07",192.0,"40,3","62,3",149.0,167.8,470.8,
16576012685,"26 nov 2025, 20:01:20",Padel,Padel,5794,"0,00",147.0,"0,0","0,0",0.0,122.4,0.0,
16571180153,"26 nov 2025, 12:21:34",Zwift - Zwift Camp: Inside Out | The Endurance Groove [Lite] on Flat Out Fast in Watopia,Virtuele fietsrit,1968,"19,26",178.0,"35,2","45,2",42.0,149.5,390.4,
16561160576,"25 nov 2025, 12:06:36",Middagloop,Hardloopsessie,3483,"10,52",187.0,"10,9","16,1",60.4,177.0,0.0,
16543349031,"23 nov 2025, 13:17:12",Zwift - Recovery Spin on The Highline in New York,Virtuele fietsrit,2891,"19,13",150.0,"23,8","72,2",336.0,135.4,454.7,
16536653779,"22 nov 2025, 19:42:40",Zwift - Race: Zwift Crit Racing Club - Double Span Spin (C) on Double Span Spin in New York,Virtuele fietsrit,1928,"20,09",,"37,5","72,1",205.0,,472.2,
16523008808,"21 nov 2025, 11:49:03",Middagloop,Hardloopsessie,2680,"8,14",193.0,"10,9","17,6",60.4,181.2,0.0,
16498006476,"18 nov 2025, 20:08:12",Zwift - Le Col - Training With Legends - Dame Sarah Storey - 8.5 Minutes Of Pain on London Loop in London,Virtuele fietsrit,1596,"10,18",176.0,"23,0","59,9",212.0,147.9,297.6,
16474879238,"16 nov 2025, 12:01:36",Zwift - Eastern Eight in Watopia,Virtuele fietsrit,4815,"46,87",88.0,"35,0","57,0",380.0,88.0,974.7,
16468098121,"15 nov 2025, 19:12:16",Zwift - Race: Stage 1 - Zwift Unlocked - Race on D√πn Dash in Scotland,Virtuele fietsrit,1217,"12,57",196.0,"37,2","55,9",138.0,174.9,315.6,
16465386600,"15 nov 2025, 14:40:01",Namiddagrit,Fietsrit,1228,"3,24",117.0,"9,5","36,4",2.1,88.3,0.0,
16447423347,"13 nov 2025, 17:30:48",Zwift - Chain Chomper in Makuri Islands,Virtuele fietsrit,1658,"13,97",192.0,"30,3","58,7",183.0,160.4,355.8,
16434395849,"12 nov 2025, 12:25:18",Zwift - The Double Borough in New York,Virtuele fietsrit,1810,"19,21",184.0,"38,2","66,6",156.0,161.5,459.4,
16423463806,"11 nov 2025, 11:56:00",Zwift - Green to Screen in New York,Virtuele fietsrit,3614,"33,16",177.0,"33,0","68,5",241.0,146.4,631.6,
16412685920,"10 nov 2025, 11:50:43",Zwift - Cucumber on Coast Crusher in Watopia,Virtuele fietsrit,1118,"9,29",175.0,"29,9","49,0",37.0,125.6,158.7,
16372629682,"6 nov 2025, 11:35:02",Middagrit,Fietsrit,3610,"30,04",196.0,"30,0","56,2",256.0,173.6,0.0,
16362707156,"5 nov 2025, 13:06:42",Namiddagrit,Fietsrit,2050,"15,75",212.0,"27,7","45,6",137.0,175.7,0.0,
16362707117,"5 nov 2025, 12:32:25",Middagrit,Fietsrit,1887,"13,82",213.0,"26,4","48,5",118.0,177.2,0.0,
16340522044,"3 nov 2025, 12:37:52",Middagloop,Hardloopsessie,1485,"4,54",182.0,"11,0","18,2",20.3,171.0,0.0,
16330650670,"2 nov 2025, 11:43:24",Zwift - Tair Dringfa Fechan in Watopia,Virtuele fietsrit,3611,"34,52",192.0,"34,4","69,8",386.0,166.2,830.8,
16324371791,"1 nov 2025, 19:07:52",Zwift - FTP Ramp Test on Oh Hill No in Watopia,Virtuele fietsrit,1316,"3,16",187.0,"8,6","35,3",263.0,147.9,234.2,
16324197625,"1 nov 2025, 18:55:57",Zwift - Mend on Knickerbocker in New York,Virtuele fietsrit,541,"3,73",,"24,8","64,9",41.0,,64.9,
16310423683,"31 okt 2025, 11:34:47",Middagloop,Hardloopsessie,892,"3,01",189.0,"12,1","17,5",27.2,177.7,0.0,
16305170167,"30 okt 2025, 19:35:39",Avondloop,Hardloopsessie,1646,"5,01",186.0,"11,0","26,8",21.2,169.3,0.0,
16301308157,"30 okt 2025, 12:13:20",Middagwandeling,Wandeling,1868,"3,21",143.0,"6,2","45,1",31.5,115.2,0.0,
16289479868,"29 okt 2025, 08:32:21",Zwift - Kristin Armstrong | Race Ready on Loopin Lava in Watopia,Virtuele fietsrit,1902,"15,37",178.0,"29,1","59,3",203.0,157.9,374.4,
16270504358,"27 okt 2025, 12:25:16",Zwift - Race: SAZ speed race on Ocean Lava Cliffside Loop in Watopia,Virtuele fietsrit,1845,"19,37",195.0,"37,8","71,4",145.8,178.8,463.9,
16265572549,"26 okt 2025, 19:16:30",Zwift - Strength Endurance + REV for :15 seconds on Croissant in France,Virtuele fietsrit,2595,"23,24",171.0,"32,2","49,8",129.0,145.0,452.5,
16254294992,"25 okt 2025, 19:31:27",Zwift - D√πn Dash in Scotland,Virtuele fietsrit,1514,"14,53",189.0,"34,6","56,8",148.0,158.9,311.9,
16239842778,"24 okt 2025, 09:29:29",Ochtendwandeling,Wandeling,7635,"11,65",137.0,"5,5","12,2",94.8,108.2,0.0,
16221829733,"22 okt 2025, 14:23:42",Zwift - Libby Hill After Party in Richmond,Virtuele fietsrit,3539,"35,46",193.0,"36,1","63,3",193.0,164.2,768.5,
16190482782,"19 okt 2025, 12:44:42",Met papa,Fietsrit,4047,"28,34",,"25,2","47,4",240.0,,0.0,
16182732403,"18 okt 2025, 17:42:26",Zwift - Easy Hour on Triple Twist in Watopia,Virtuele fietsrit,3608,"27,95",147.0,"27,9","64,4",249.0,133.2,520.3,
16176797168,"18 okt 2025, 09:50:13",Ochtendloop,Hardloopsessie,750,"2,33",186.0,"11,2","17,7",14.4,176.4,0.0,
16168601542,"17 okt 2025, 12:03:28",Middagwandeling,Wandeling,1688,"3,01",128.0,"6,4","16,2",27.2,111.5,0.0,
16158096720,"16 okt 2025, 12:12:29",Zwift - Race: Stage 2 - Zwift Unlocked - Race (C) on Electric Break in Makuri Islands,Virtuele fietsrit,1906,"19,67",195.0,"37,1","62,9",204.0,180.3,464.5,
16135776688,"14 okt 2025, 11:44:34",Zwift - Zone 2 #1 on Three Musketeers in France,Virtuele fietsrit,2111,"17,87",156.0,"30,5","48,0",111.0,137.0,338.2,
16129796215,"13 okt 2025, 19:32:26",Zwift - Sand And Sequoias in Watopia,Virtuele fietsrit,2208,"22,80",,"37,2","58,1",181.0,,503.9,
16114157553,"12 okt 2025, 08:45:35",Ritje met de spurtbommen,Fietsrit,9074,"65,14",216.0,"25,8","53,0",666.0,167.6,0.0,
16094454173,"10 okt 2025, 12:37:29",Zwift - Greatest London Flat in London,Virtuele fietsrit,2575,"24,17",186.0,"33,8","56,4",168.0,158.8,521.7,
16083211037,"9 okt 2025, 11:03:52",Zwift - Volcano Flat in Watopia,Virtuele fietsrit,1492,"13,20",162.0,"31,8","49,0",50.0,133.4,235.3,
16080821238,"8 okt 2025, 20:01:18",Avondtraining,Padel,6677,"0,00",168.0,"0,0","0,0",0.0,131.0,0.0,
16050548860,"6 okt 2025, 13:01:25",Namiddagloop,Hardloopsessie,988,"3,01",177.0,"11,0","16,1",9.7,166.4,0.0,
16039856153,"5 okt 2025, 12:24:53",Middagloop,Hardloopsessie,1500,"5,01",190.0,"12,0","38,7",32.6,177.1,0.0,
16032432723,"4 okt 2025, 17:30:24",Zwift - Race: T-VGN Tornado (C) on Figure 8 in Watopia,Virtuele fietsrit,2882,"29,96",211.0,"37,4","67,8",253.0,168.9,677.0,
16012289353,"2 okt 2025, 19:29:01",Zwift - Loop de Loop in Watopia,Virtuele fietsrit,1292,"12,56",204.0,"35,0","64,9",144.0,160.8,289.4,
16007535825,"2 okt 2025, 11:40:04",Zwift - Volcano Flat in Watopia,Virtuele fietsrit,1571,"13,06",151.0,"29,9","42,6",50.0,132.4,213.4,
16002740599,"1 okt 2025, 20:01:11",Avondtraining,Padel,5502,"0,00",154.0,"0,0","0,0",0.0,126.5,0.0,
16000602792,"1 okt 2025, 18:34:40",Zwift - Alpha on Volcano Circuit in Watopia,Virtuele fietsrit,1810,"15,67",179.0,"31,2","49,0",80.0,144.7,282.3,
15989768000,"30 sep 2025, 19:20:17",Zwift - Race: WKG - CRITTY CRITTY BANG BANG (C) on Downtown Dolphin in Crit City,Virtuele fietsrit,2516,"27,33",199.0,"39,1","50,7",228.0,182.2,610.0,
15977264338,"29 sep 2025, 18:05:38",Zwift - Red Zone Repeats in Makuri Islands,Virtuele fietsrit,2459,"21,35",189.0,"31,3","55,3",94.0,141.8,386.3,
15961171616,"28 sep 2025, 07:55:15",Ochtendrit,Fietsrit,8823,"67,43",189.0,"27,5","51,7",637.0,160.2,0.0,
15983335447,"25 sep 2025, 11:53:52",Middagloop,Hardloopsessie,704,"1,93",183.0,"9,9","17,1",14.5,155.9,0.0,
15901208367,"22 sep 2025, 19:31:42",Avondloop,Hardloopsessie,909,"2,72",177.0,"10,8","16,5",23.7,166.5,0.0,
15867153665,"19 sep 2025, 16:59:53",Namiddagrit,Fietsrit,6737,"50,73",212.0,"27,1","58,4",465.0,169.3,0.0,
15851922025,"18 sep 2025, 11:28:12",Gooikse Pijl eens verkennen,Fietsrit,2775,"23,34",204.0,"30,3","50,3",240.0,171.7,0.0,
15846154418,"17 sep 2025, 20:03:16",Zwift - Race: ZwiftNL Race Day (D) on Danger Noodle in Watopia,Virtuele fietsrit,3222,"32,45",199.0,"36,3","58,0",413.0,173.7,711.6,
15817934789,"15 sep 2025, 12:42:57",Zwift - Island Hopper in Makuri Islands,Virtuele fietsrit,1941,"17,99",185.0,"33,4","56,8",131.0,160.8,413.4,
15806565004,"14 sep 2025, 09:12:50",Ochtendrit,Fietsrit,10651,"82,18",185.0,"27,8","61,3",628.0,160.2,0.0,
15738594702,"8 sep 2025, 12:24:57",Middagrit,Fietsrit,2714,"22,60",,"30,0","49,3",200.0,,0.0,
15727440504,"7 sep 2025, 07:54:09",70km met de spurtbommen üö¥üö¥üö¥,Fietsrit,14990,"104,09",189.0,"25,0","53,7",1099.0,154.1,0.0,
15704136135,"5 sep 2025, 12:13:16",Zwift - Race: Stage 1: Rolling With ENVE: Two Bridges Loop (D) on Two Bridges Loop in Watopia,Virtuele fietsrit,2167,"22,10",195.0,"36,7","65,9",246.0,169.8,478.5,
15662728459,"1 sep 2025, 19:47:23",Zwift - Big Flat 8 in Watopia,Virtuele fietsrit,3067,"29,42",215.0,"34,5","52,8",103.0,158.6,558.0,
15656816723,"1 sep 2025, 10:49:23",Ochtendloop,Hardloopsessie,1649,"5,02",181.0,"11,0","20,4",32.5,167.0,0.0,
15647551852,"31 aug 2025, 12:48:15",Zwift - Race: EVO CC Race Series (D) on Bon Voyage in France,Virtuele fietsrit,3032,"32,03",219.0,"38,0","51,8",156.0,177.0,654.9,
15635520069,"30 aug 2025, 12:12:29",Zwift - Race: Stage 4: Kick 'N' Sprint: Rolling Highlands (C) on Rolling Highlands in Scotland,Virtuele fietsrit,2250,"23,93",212.0,"38,3","59,3",183.0,168.0,472.9,
15627220621,"29 aug 2025, 16:13:17",Zwift - Race: Stage 4: Kick 'N' Sprint: Rolling Highlands (D) on Rolling Highlands in Scotland,Virtuele fietsrit,2221,"23,75",201.0,"38,5","56,9",183.0,175.9,492.1,
15626791494,"29 aug 2025, 15:30:04",Zwift - Whole Lotta Lava in Watopia,Virtuele fietsrit,1958,"15,96",179.0,"29,3","55,8",178.0,140.3,325.0,
15602932374,"27 aug 2025, 12:22:14",Middagloop,Hardloopsessie,1624,"5,06",186.0,"11,2","24,0",37.1,174.3,0.0,
15582610633,"25 aug 2025, 17:34:02",Namiddagrit,Fietsrit,3606,"30,02",187.0,"30,0","53,9",236.6,171.9,0.0,
15566443580,"24 aug 2025, 06:36:31",Ochtendrit,Fietsrit,14638,"110,15",186.0,"27,1","53,4",947.0,154.3,0.0,
15547540156,"22 aug 2025, 15:03:28",Padel,Padel,5490,"0,00",177.0,"0,0","0,0",0.0,141.9,0.0,
15534611450,"21 aug 2025, 12:05:19",Middagrit,Fietsrit,4207,"31,19",197.0,"26,7","55,9",336.0,154.7,0.0,
15527961119,"20 aug 2025, 20:21:03",Avondloop met Yarni,Hardloopsessie,1045,"3,01",173.0,"10,4","12,3",28.0,160.6,0.0,
15510416303,"19 aug 2025, 12:03:32",Middagloop,Hardloopsessie,1496,"5,00",197.0,"12,0","15,4",30.4,184.5,0.0,
15486361201,"17 aug 2025, 09:16:27",Ochtendrit,Fietsrit,3829,"30,05",196.0,"28,3","54,4",231.0,164.1,0.0,
15465618226,"15 aug 2025, 10:44:45",Ochtendloop,Hardloopsessie,5377,"15,03",191.0,"10,1","19,8",116.4,181.7,0.0,
15455033213,"14 aug 2025, 12:10:09",Middagzwemsessie,Zwemmen,321,"0,19",154.0,"2,1","9,9",0.0,129.3,0.0,
15449045849,"13 aug 2025, 20:03:25",Avondtraining,Padel,7671,"0,00",162.0,"0,0","0,0",0.0,133.3,0.0,
15423903832,"11 aug 2025, 18:22:36",Padel,Padel,6027,"0,00",169.0,"0,0","0,0",0.0,141.5,0.0,
15388189919,"8 aug 2025, 13:15:19",üå¨Ô∏èüå¨Ô∏èüö¥,Fietsrit,8871,"70,16",218.0,"28,5","45,9",410.0,174.9,0.0,
15355420680,"5 aug 2025, 19:12:23",Zwift - Race: Stage 1: Kick 'N' Sprint: Innsbruckring (C) on Innsbruckring in Innsbruck,Virtuele fietsrit,1630,"18,10",187.0,"40,0","68,5",154.0,172.8,398.5,
15326964054,"3 aug 2025, 09:11:23",Ochtendloop,Hardloopsessie,4524,"13,02",187.0,"10,4","15,9",111.4,176.7,0.0,
15311081460,"1 aug 2025, 19:43:13",Zwift - Race: Zwift Crit Racing Club - Bell Lap (D) on The Bell Lap in Crit City,Virtuele fietsrit,1859,"20,02",192.0,"38,8","56,0",163.0,167.9,433.4,
15295785741,"31 jul 2025, 11:59:39",Middagloop,Hardloopsessie,1660,"5,02",187.0,"10,9","15,2",35.3,178.6,0.0,
15290401450,"30 jul 2025, 20:02:09",Avondtraining,Padel,5252,"0,00",149.0,"0,0","0,0",0.0,119.7,0.0,
15265930750,"28 jul 2025, 19:13:14",Zwift - Race: Stage 5: Allez Allez Allez!: Hell of the North (D) on Hell of the North in France,Virtuele fietsrit,2117,"20,15",188.0,"34,3","51,3",241.0,165.4,477.4,
15251927068,"27 jul 2025, 13:02:20",Zwift - Race: HerD Beginner Races (C) on Tick Tock in Watopia,Virtuele fietsrit,1877,"19,47",185.0,"37,4","56,6",59.0,168.8,436.1,
15245172958,"26 jul 2025, 19:53:04",Zwift - FTP Ramp Test on Knickerbocker in New York,Virtuele fietsrit,1666,"9,15",182.0,"19,8","60,5",160.0,137.3,233.6,
15242386914,"26 jul 2025, 15:23:33",Maisdoolhof,Wandeling,1204,"0,99",120.0,"3,0","9,1",5.6,96.8,0.0,
15233049759,"25 jul 2025, 17:14:47",Namiddagloop,Hardloopsessie,3352,"10,02",186.0,"10,8","16,8",63.7,174.9,0.0,
15213716096,"23 jul 2025, 20:00:49",Padel,Padel,5501,"0,00",162.0,"0,0","0,0",0.0,133.2,0.0,
15211982070,"23 jul 2025, 17:59:24",Namiddagrit,Fietsrit,3979,"32,14",188.0,"29,1","48,2",252.0,170.1,0.0,
15196049383,"22 jul 2025, 12:03:39",Middagwandeling,Wandeling,1740,"3,10",131.0,"6,4","25,7",35.6,103.9,0.0,
15184479812,"21 jul 2025, 08:24:20",Ochtendwandeling met papa,Wandeling,8149,"8,59",148.0,"3,8","14,8",212.6,104.4,0.0,
15164423305,"19 jul 2025, 13:10:37",Namiddagloop,Hardloopsessie,1581,"5,02",187.0,"11,4","20,2",30.4,177.1,0.0,
15157740496,"18 jul 2025, 17:41:21",Padelüåûüåûüåûüåû,Padel,10366,"0,00",190.0,"0,0","0,0",0.0,149.7,0.0,
15126662552,"15 jul 2025, 21:30:05",Padel,Padel,5790,"0,00",180.0,"0,0","0,0",0.0,145.2,0.0,
15097357741,"13 jul 2025, 07:08:48",Ochtendrit,Fietsrit,13382,"103,07",217.0,"27,7","45,8",569.0,169.7,0.0,
15077085113,"11 jul 2025, 11:18:52",Middagwandeling,Wandeling,1963,"3,28",,"6,0","29,0",37.7,,0.0,
15072021487,"10 jul 2025, 20:00:35",Padel,Padel,5388,"0,00",164.0,"0,0","0,0",0.0,127.2,0.0,
15060360287,"9 jul 2025, 19:09:50",Avondrit,Fietsrit,3917,"30,95",188.0,"28,4","52,2",271.0,160.3,0.0,
15037493959,"7 jul 2025, 18:33:06",Avondloop,Hardloopsessie,2293,"7,18",187.0,"11,3","15,8",72.3,169.7,0.0,
15003059183,"4 jul 2025, 11:39:55",Middagrit,Fietsrit,3827,"29,02",195.0,"27,3","54,8",319.0,162.4,0.0,
14992523914,"3 jul 2025, 11:26:51",Middagrit,Fietsrit,2673,"21,33",183.0,"28,7","54,5",181.0,159.2,0.0,
14968738320,"1 jul 2025, 04:59:20",Ochtendloop,Hardloopsessie,1672,"5,02",176.0,"10,8","17,1",36.1,164.2,0.0,
14949756776,"29 jun 2025, 06:32:44",Ochtendrit,Fietsrit,14652,"110,06",218.0,"27,0","52,1",782.0,153.7,0.0,
14933343908,"27 jun 2025, 17:36:06",Namiddagloop,Hardloopsessie,1491,"5,03",188.0,"12,1","19,2",4.9,174.4,0.0,
14930606335,"27 jun 2025, 12:11:22",Middagwandeling,Wandeling,1814,"2,94",133.0,"5,8","21,1",39.3,109.6,0.0,
14905049128,"24 jun 2025, 20:53:44",Avondloop,Hardloopsessie,4820,"14,04",189.0,"10,5","20,4",137.0,173.6,0.0,
14879149087,"22 jun 2025, 08:06:47",Ochtendwandeling met Dimi,Wandeling,13910,"21,28",135.0,"5,5","18,9",65.3,104.3,0.0,
14872340324,"21 jun 2025, 18:12:29",Avondloop,Hardloopsessie,1608,"5,03",186.0,"11,3","18,0",31.0,173.2,0.0,
14862288197,"20 jun 2025, 18:54:44",Avondrit,Fietsrit,3597,"27,53",213.0,"27,6","52,8",273.0,150.6,0.0,
14847695086,"19 jun 2025, 11:42:38",Wandelloopje,Hardloopsessie,1864,"5,29",184.0,"10,2","14,5",29.6,167.6,0.0,
14842549775,"18 jun 2025, 20:00:58",Padel,Padel,5390,"0,00",154.0,"0,0","0,0",0.0,124.1,0.0,
14825838473,"17 jun 2025, 11:26:44",Middagrit,Fietsrit,3410,"27,13",195.0,"28,6","54,0",265.0,161.3,0.0,
14805819449,"15 jun 2025, 12:36:56",Middagloop,Hardloopsessie,1576,"5,02",191.0,"11,5","25,4",38.4,179.4,0.0,
14788204293,"13 jun 2025, 17:37:05",Namiddagrit,Fietsrit,3582,"25,48",198.0,"25,6","51,5",169.0,164.0,0.0,
14783737292,"13 jun 2025, 07:58:46",Ochtendrit,Fietsrit,2628,"20,36",185.0,"27,9","54,0",89.0,161.6,0.0,
14769215472,"11 jun 2025, 17:34:16",Namiddagrit,Fietsrit,11690,"86,02",218.0,"26,5","53,7",776.0,158.6,0.0,
14742381940,"9 jun 2025, 11:05:07",Middagloop,Hardloopsessie,4137,"12,03",183.0,"10,5","16,0",83.0,170.4,0.0,
14737005647,"8 jun 2025, 17:35:02",Namiddagrit,Fietsrit,6931,"54,01",218.0,"28,1","51,2",430.0,175.4,0.0,
14697687259,"4 jun 2025, 19:59:28",Padel,Padel,5410,"0,00",166.0,"0,0","0,0",0.0,139.5,0.0,
14696370432,"4 jun 2025, 19:02:59",Avondloop,Hardloopsessie,2114,"6,03",184.0,"10,3","16,5",27.1,173.7,0.0,
14673630281,"2 jun 2025, 17:06:42",Namiddagrit,Fietsrit,3179,"25,66",211.0,"29,1","52,5",235.0,163.8,0.0,
14661472476,"1 jun 2025, 13:08:57",Namiddagloop,Hardloopsessie,1954,"6,02",184.0,"11,1","15,7",26.0,174.5,0.0,
14650993743,"31 mei 2025, 11:37:34",Middagrit,Fietsrit,8187,"58,38",215.0,"25,7","55,7",556.0,156.9,0.0,
14624514646,"28 mei 2025, 20:00:01",Padel,Padel,6106,"0,00",155.0,"0,0","0,0",0.0,128.5,0.0,
14613662156,"27 mei 2025, 20:47:14",Avondloop,Hardloopsessie,973,"3,28",188.0,"12,2","19,5",27.6,173.4,0.0,
14589294297,"25 mei 2025, 09:16:51",Pajotse Parel,Fietsrit,13893,"101,27",192.0,"26,2","54,9",1045.0,160.9,0.0,
14551763014,"21 mei 2025, 17:14:47",Namiddagloop,Hardloopsessie,2704,"8,02",182.0,"10,7","20,1",57.0,173.7,0.0,
14540129371,"20 mei 2025, 15:52:33",Namiddagrit,Fietsrit,3169,"21,02",215.0,"23,9","44,4",131.0,166.1,0.0,
14535715462,"20 mei 2025, 06:18:08",Ochtendrit,Fietsrit,2846,"20,46",186.0,"25,9","48,4",92.0,161.4,0.0,
14515034632,"18 mei 2025, 05:20:18",Oorlog in Pamel,Fietsrit,13777,"101,11",182.0,"26,4","63,0",967.0,148.9,0.0,
14469909353,"13 mei 2025, 16:37:26",Namiddagrit,Fietsrit,11921,"86,65",188.0,"26,2","55,1",632.0,157.3,0.0,
14442174168,"11 mei 2025, 07:53:40",Zondagsloopje,Hardloopsessie,1751,"5,28",185.0,"10,8","21,0",29.6,176.1,0.0,
14435146277,"10 mei 2025, 13:21:23",Da bolt toch beter dan mijn andere 15 jaar oude fiets,Fietsrit,4584,"35,00",218.0,"27,5","49,1",295.0,186.4,0.0,
14426979999,"9 mei 2025, 18:05:32",Eerste 3km met de nieuwe bolide üòç,Fietsrit,564,"3,09",,"19,7","31,0",32.0,,0.0,
14413886179,"8 mei 2025, 11:54:35",Middagloop,Hardloopsessie,1558,"5,01",188.0,"11,6","21,1",34.3,172.0,0.0,
14409135361,"7 mei 2025, 20:00:34",Padel,Padel,7125,"0,00",160.0,"0,0","0,0",0.0,131.3,0.0,
14383754196,"5 mei 2025, 12:27:50",Middagloop,Hardloopsessie,3561,"10,45",185.0,"10,6","17,9",76.2,175.6,0.0,
14355581132,"2 mei 2025, 16:31:28",Namiddagrit,Fietsrit,4061,"30,01",194.0,"26,6","50,8",263.0,166.5,0.0,
14344552744,"1 mei 2025, 15:49:11",Namiddagloop,Hardloopsessie,1388,"4,01",189.0,"10,4","15,6",24.7,170.2,0.0,
14336210658,"30 apr 2025, 19:38:38",Avondtraining,Padel,6692,"0,00",175.0,"0,0","0,0",0.0,136.4,0.0,
14312578878,"28 apr 2025, 15:59:09",Namiddagrit,Fietsrit,3718,"22,37",,"21,7","37,1",141.0,,0.0,
14308436104,"28 apr 2025, 06:25:53",Ochtendrit,Fietsrit,3044,"21,04",174.0,"24,9","65,5",93.5,152.5,0.0,
14299564874,"27 apr 2025, 09:51:32",Ochtendrit,Fietsrit,7387,"53,13",192.0,"25,9","58,6",525.0,165.3,0.0,
14250318930,"22 apr 2025, 11:57:53",Middagloop,Hardloopsessie,2221,"6,68",186.0,"10,8","16,4",16.3,176.1,0.0,
14245858768,"21 apr 2025, 19:59:15",Avondtraining,Padel,7587,"0,00",169.0,"0,0","0,0",0.0,142.0,0.0,
14232257093,"20 apr 2025, 12:59:31",Middagrit,Fietsrit,5021,"35,17",186.0,"25,2","42,2",306.0,162.5,0.0,
14197908308,"16 apr 2025, 21:35:38",Nachttraining,Padel,5462,"0,00",167.0,"0,0","0,0",0.0,136.4,0.0,
14187093091,"15 apr 2025, 19:01:43",Avondrit,Fietsrit,4434,"29,12",190.0,"23,6","55,3",332.0,153.3,0.0,
14176707613,"14 apr 2025, 19:12:52",Avondloop,Hardloopsessie,1370,"4,01",186.0,"10,5","23,4",24.7,175.4,0.0,
14129265210,"9 apr 2025, 19:21:13",Avondloop,Hardloopsessie,1614,"5,01",189.0,"11,2","14,8",35.1,176.9,0.0,
14107808024,"7 apr 2025, 17:04:48",Namiddagrit,Fietsrit,3682,"26,41",180.0,"25,8","46,7",259.0,161.1,0.0,
14066576425,"3 apr 2025, 11:44:42",Zwift - Elevate and Escalate on Going Coastal in Watopia,Virtuele fietsrit,2115,"18,87",173.0,"32,1","47,0",77.0,147.0,356.2,
14051071543,"1 apr 2025, 19:45:00",Zwift - France,Virtuele fietsrit,1219,"10,81",,"31,9","49,2",100.0,,213.1,
14042089850,"31 mrt 2025, 20:00:02",Avondtraining,Padel,6675,"0,00",157.0,"0,0","0,0",0.0,128.4,0.0,
14023387592,"29 mrt 2025, 19:15:53",Avondloop,Hardloopsessie,3764,"11,05",186.0,"10,6","39,0",110.4,176.9,0.0,
13930223132,"19 mrt 2025, 20:01:34",Avondtraining,Padel,5399,"0,00",178.0,"0,0","0,0",0.0,141.6,0.0,
13919141951,"18 mrt 2025, 19:15:16",Zwift - France,Virtuele fietsrit,1577,"14,52",,"33,1","61,5",137.0,,343.5,
13869508833,"13 mrt 2025, 11:17:43",Middagwandeling,Wandeling,1790,"3,02",138.0,"6,1","17,9",25.5,104.0,0.0,
13830765048,"9 mrt 2025, 10:44:19",Ochtendloop,Hardloopsessie,1617,"5,02",180.0,"11,2","16,1",12.2,166.8,0.0,
13817928126,"7 mrt 2025, 21:21:37",Nachttraining,Padel,7461,"0,00",166.0,"0,0","0,0",0.0,134.4,0.0,
13808172749,"6 mrt 2025, 19:30:25",Zwift - Race: UK Armed Forces Cycling Community Race Night (D) on LaGuardia Loop in New York,Virtuele fietsrit,2989,"29,92",189.0,"36,0","58,2",296.0,158.0,632.2,
13796575529,"5 mrt 2025, 15:10:25",Namiddagloop,Hardloopsessie,3529,"10,01",187.0,"10,2","14,7",76.4,175.2,0.0,
13779704310,"3 mrt 2025, 19:13:28",Zwift - Race: Stage 1 | Zwift Games | Makuri Madness | Range 1 (D) on Makuri Madness in Makuri Islands,Virtuele fietsrit,1439,"16,45",192.0,"41,1","66,2",88.0,174.1,342.8,
13762008773,"1 mrt 2025, 19:14:23",Zwift - Race: STAGE 4: Shimano Find Your Fast:  Jurassic Coast (E) on Jurassic Coast in Watopia,Virtuele fietsrit,1939,"19,77",190.0,"36,7","55,6",211.0,173.7,452.0,
13726092062,"25 feb 2025, 19:27:16",Avondloop,Hardloopsessie,1866,"5,01",183.0,"9,7","16,8",49.4,168.7,0.0,
13672942880,"19 feb 2025, 19:58:38",Avondtraining,Padel,5215,"0,00",153.0,"0,0","0,0",0.0,124.8,0.0,
13653626809,"17 feb 2025, 19:31:42",Avondloop,Hardloopsessie,1356,"3,61",184.0,"9,6","27,6",15.1,162.2,0.0,
13634997132,"15 feb 2025, 16:27:55",Namiddagloop,Hardloopsessie,2879,"8,70",189.0,"10,9","17,6",71.5,179.2,0.0,
13615882888,"13 feb 2025, 12:02:54",Middagloop,Hardloopsessie,1714,"5,01",182.0,"10,5","14,8",34.8,168.8,0.0,
13602004866,"11 feb 2025, 19:29:58",Zwift - Group Ride: ZHCC Rubberband Social (D) on The Magnificent 8 in Watopia,Virtuele fietsrit,2699,"21,12",174.0,"28,2","63,4",123.0,127.8,374.6,
13598385443,"11 feb 2025, 12:01:31",Middagloop,Hardloopsessie,3524,"10,03",183.0,"10,2","18,6",66.5,175.1,0.0,
13592872517,"10 feb 2025, 19:28:24",Zwift - Race: Little Tour Ghost Team Stage 1 (D) on Watopia's Waistband in Watopia,Virtuele fietsrit,2939,"28,38",,"34,8","55,3",102.0,,605.4,
13575525498,"8 feb 2025, 19:01:32",Avondloop,Hardloopsessie,2616,"7,61",182.0,"10,5","28,2",70.2,172.3,0.0,
13566251415,"7 feb 2025, 19:13:15",The Classic on The Classic in Watopia,Virtuele fietsrit,1496,"15,34",183.0,"36,9","64,0",147.0,167.2,348.9,
13516533945,"2 feb 2025, 09:58:12",Ochtendloop,Hardloopsessie,1997,"5,77",183.0,"10,4","17,1",46.1,166.7,0.0,
13503751345,"31 jan 2025, 20:14:37",The Fan Flats in Richmond,Virtuele fietsrit,2088,"19,82",191.0,"34,2","47,8",80.0,166.3,446.4,
13503491097,"31 jan 2025, 19:39:11",Zwift - Alpha in Watopia,Virtuele fietsrit,1571,"10,63",161.0,"24,3","54,4",158.0,126.6,215.4,
13491538815,"30 jan 2025, 11:54:59",Zwift - Group Ride: Phoenix Rising As One (D) on Spiral into the Volcano in Watopia,Virtuele fietsrit,1843,"16,36",170.0,"31,9","49,8",78.0,149.7,311.3,
13486943787,"29 jan 2025, 20:28:00",Avondloop,Hardloopsessie,2162,"6,21",186.0,"10,3","43,6",6.8,171.4,0.0,
13476535240,"28 jan 2025, 18:44:29",Zwift - Race: Zwift Crit Racing Club - The Classic (E) on The Classic in Watopia,Virtuele fietsrit,2076,"18,92",183.0,"32,8","58,2",161.0,162.6,420.2,
13468027937,"27 jan 2025, 18:19:47",Padel,Padel,6267,"0,00",172.0,"0,0","0,0",0.0,144.1,0.0,
13451726509,"25 jan 2025, 20:03:26",Avondtraining,Padel,5285,"0,00",188.0,"0,0","0,0",0.0,154.4,0.0,
13441210008,"24 jan 2025, 17:43:46",Namiddagloop,Hardloopsessie,1776,"5,00",194.0,"10,1","16,5",34.7,177.6,0.0,
13416631277,"21 jan 2025, 19:34:29",Zwift - Race: KIRCHMAIR Beginners Race (E) on The Classic in Watopia,Virtuele fietsrit,2094,"18,96",186.0,"32,6","57,1",161.0,163.2,435.4,
13412717348,"21 jan 2025, 11:43:09",Middagloop,Hardloopsessie,1763,"5,03",191.0,"10,3","16,5",35.7,178.9,0.0,
13407388619,"20 jan 2025, 19:14:27",Zwift - Race: Stage 4: Flat Is Fast - Douce France (E) on Douce France in France,Virtuele fietsrit,1669,"16,09",189.0,"34,7","49,3",116.0,161.3,332.1,
13395531354,"19 jan 2025, 12:04:14",Middagloop,Hardloopsessie,1572,"4,49",186.0,"10,3","20,6",30.5,174.8,0.0,
13387345527,"18 jan 2025, 13:38:02",Zwift - Castle to Castle in Makuri Islands,Virtuele fietsrit,2605,"22,53",189.0,"31,1","54,1",140.0,163.5,492.8,
13365011720,"15 jan 2025, 18:26:31",Padel,Padel,12176,"0,00",179.0,"0,0","0,0",0.0,143.1,0.0,
13351225914,"14 jan 2025, 12:10:12",Middagtraining,Hardloopsessie,1863,"0,00",186.0,"0,0","0,0",0.0,170.9,0.0,
13345997576,"13 jan 2025, 19:00:32",Zwift - Group Ride: Long | Stage 2 | Tour de Zwift on Snowman in Watopia,Virtuele fietsrit,6132,"44,29",183.0,"26,0","71,5",578.0,158.2,1043.2,
13325433190,"11 jan 2025, 14:52:07",Namiddagloop,Hardloopsessie,1942,"4,98",186.0,"9,2","16,0",35.6,166.0,0.0,
13310276607,"9 jan 2025, 19:27:39",Schaatsen door Pajottegem ‚õ∏Ô∏è,Hardloopsessie,2032,"4,73",188.0,"8,4","21,7",45.1,167.0,0.0,
13301272172,"8 jan 2025, 19:02:22",Zwift - Group Ride: Short | Stage 1 | Tour de Zwift on London Flat in London,Virtuele fietsrit,1315,"12,74",180.0,"34,9","59,4",115.0,161.7,247.0,
13284148097,"6 jan 2025, 20:00:51",Zwift - Group Ride: Long | Stage 1 | Tour de Zwift on Makuri 40 in Makuri Islands,Virtuele fietsrit,4484,"40,34",183.0,"32,4","60,0",318.0,168.3,820.3,
13263220315,"4 jan 2025, 13:00:44",Namiddagloop,Hardloopsessie,1905,"5,04",188.0,"9,5","22,5",29.0,173.7,0.0,
13249594029,"2 jan 2025, 19:47:52",Padel,Padel,6401,"0,00",158.0,"0,0","0,0",0.0,127.6,0.0,
13240612462,"1 jan 2025, 19:00:18",Den eerste van't jaar,Virtuele fietsrit,1870,"16,54",190.0,"31,8","58,7",148.0,175.3,371.0,
13230194863,"31 dec 2024, 12:14:25",De laatste van't jaar ü•á,Virtuele fietsrit,2060,"20,09",199.0,"35,1","46,5",32.0,174.8,386.4,
13216498847,"29 dec 2024, 14:57:33",Namiddagloop,Hardloopsessie,1878,"4,93",196.0,"9,5","16,9",29.6,176.4,0.0,
13196302671,"26 dec 2024, 19:43:39",Padel,Padel,6957,"0,00",162.0,"0,0","0,0",0.0,132.3,0.0,
13176400258,"23 dec 2024, 19:14:40",Zwift - Race: Stage 5: Fresh Outta 24 - Coastal Crown Loop (E) on Coastal Crown Loop in Watopia,Virtuele fietsrit,2919,"23,75",192.0,"29,3","80,7",268.0,174.6,561.3,
13163757295,"21 dec 2024, 20:09:59",Zwift - Group Ride: ZSUN Saturday Social Ride (D) on R.G.V. in France,Virtuele fietsrit,2810,"25,40",195.0,"32,5","53,4",133.0,159.4,425.4,
13137569822,"17 dec 2024, 19:50:33",Avondtraining,Padel,7125,"0,00",158.0,"0,0","0,0",0.0,129.8,0.0,
13119580536,"15 dec 2024, 11:09:18",Middagloop,Hardloopsessie,2166,"5,56",192.0,"9,2","14,5",69.1,179.5,0.0,
13095655507,"11 dec 2024, 19:47:52",Avondtraining,Padel,6467,"0,00",158.0,"0,0","0,0",0.0,131.5,0.0,
13078503183,"9 dec 2024, 13:07:28",Namiddagloop,Hardloopsessie,1904,"4,72",189.0,"8,9","18,6",0.0,171.5,0.0,
13047927540,"4 dec 2024, 19:41:04",Avondtraining,Padel,7299,"0,00",177.0,"0,0","0,0",0.0,146.7,0.0,
13035005664,"2 dec 2024, 15:43:47",Namiddagloop,Hardloopsessie,1772,"4,27",196.0,"8,7","15,6",37.3,172.4,0.0,
12981735806,"25 nov 2024, 19:18:18",Avondloop,Hardloopsessie,1787,"3,99",190.0,"8,0","15,4",2.0,167.0,0.0,
12967278688,"23 nov 2024, 19:20:37",Avondloop,Hardloopsessie,1782,"4,25",187.0,"8,6","14,1",2.0,165.3,0.0,
12938359458,"19 nov 2024, 19:04:57",üèÉ‚Äç‚ôÇÔ∏èüèÉ‚Äç‚ôÇÔ∏è,Hardloopsessie,1673,"3,91",188.0,"8,4","14,8",17.9,159.9,0.0,
12905030110,"15 nov 2024, 09:36:39",Ninglinspo üèû,Hike,6453,"6,55",151.0,"3,7","15,4",218.7,119.2,0.0,
12898420132,"14 nov 2024, 12:48:33",Middagloop,Hardloopsessie,1713,"4,08",189.0,"8,6","15,4",35.3,165.4,0.0,
12871258376,"10 nov 2024, 19:49:02",Padel üéæ,Padel,7578,"0,00",180.0,"0,0","0,0",0.0,148.8,0.0,
12846929258,"7 nov 2024, 19:52:17",Avondloop,Hardloopsessie,1701,"4,05",190.0,"8,6","17,9",35.0,168.4,0.0,
12830763434,"5 nov 2024, 18:30:36",üéæüéæ,Padel,860,"0,46",177.0,"1,9","12,5",0.0,147.5,0.0,
12792713161,"31 okt 2024, 19:45:40",ü•é,Padel,5958,"2,77",165.0,"1,7","9,5",0.0,125.6,0.0,
12783768583,"30 okt 2024, 19:22:30",Avondloop,Hardloopsessie,1592,"3,83",192.0,"8,7","19,3",6.0,165.3,0.0,
12767582414,"28 okt 2024, 19:54:27",Avondloop,Hardloopsessie,1617,"3,71",193.0,"8,3","15,7",29.7,167.1,0.0,
12727522554,"23 okt 2024, 19:11:37",Avondloop,Hardloopsessie,1511,"3,43",187.0,"8,2","13,2",26.5,163.7,0.0,
12710382099,"21 okt 2024, 19:00:14",Avondloop,Hardloopsessie,1418,"3,24",190.0,"8,2","25,1",23.8,163.7,0.0,
12672324902,"16 okt 2024, 20:01:34",Padel,Padel,3389,"1,64",177.0,"1,7","14,0",0.0,153.1,0.0,
12653353952,"14 okt 2024, 16:04:36",Namiddagloop,Hardloopsessie,1414,"3,17",181.0,"8,1","35,7",10.3,151.4,0.0,
12637840262,"12 okt 2024, 16:31:27",Namiddagloop,Hardloopsessie,1428,"3,19",188.0,"8,0","21,7",23.8,163.3,0.0,
12623262349,"10 okt 2024, 19:14:02",Avondloop,Hardloopsessie,1277,"2,98",189.0,"8,4","14,8",22.7,160.9,0.0,
12607994811,"8 okt 2024, 20:13:19",Avondloop,Hardloopsessie,1176,"2,58",184.0,"7,9","16,2",8.9,156.1,0.0,
12558105616,"2 okt 2024, 18:47:21",Avondloop,Hardloopsessie,1227,"2,85",190.0,"8,4","16,7",20.4,163.0,0.0,
12406265101,"14 sep 2024, 10:46:24",Ochtendtraining,Padel,7333,"0,00",196.0,"0,0","0,0",0.0,174.2,0.0,
12344096706,"6 sep 2024, 21:31:09",Nachttraining,Padel,6242,"0,00",187.0,"0,0","0,0",0.0,157.7,0.0,
12319074851,"3 sep 2024, 21:35:53",ü•éü•é,Padel,6010,"0,00",194.0,"0,0","0,0",0.0,169.6,0.0,
12305467565,"2 sep 2024, 13:59:17",Namiddagloop,Hardloopsessie,1410,"3,15",192.0,"8,0","15,6",29.0,173.4,0.0,
12276412833,"29 aug 2024, 21:05:36",üéæ,Padel,4967,"0,00",174.0,"0,0","0,0",0.0,146.5,0.0,
12259053817,"27 aug 2024, 21:03:02",ü•éü•é,Padel,6760,"0,00",182.0,"0,0","0,0",0.0,151.6,0.0,
12217034052,"22 aug 2024, 21:04:45",üéæ,Padel,6294,"0,00",182.0,"0,0","0,0",0.0,142.1,0.0,
12199851089,"20 aug 2024, 21:07:05",ü•éü•é,Padel,6552,"0,00",196.0,"0,0","0,0",0.0,162.9,0.0,
12199851125,"19 aug 2024, 15:33:58",ü•éü•é,Padel,3351,"0,00",178.0,"0,0","0,0",0.0,146.9,0.0,
12165132898,"16 aug 2024, 19:56:29",üéæüéæ,Padel,5755,"0,00",182.0,"0,0","0,0",0.0,153.3,0.0,
12131542839,"12 aug 2024, 21:37:15",üéæ,Padel,5717,"0,00",177.0,"0,0","0,0",0.0,153.7,0.0,
12108288906,"9 aug 2024, 21:21:16",ü•éü•é,Padel,6469,"0,00",187.0,"0,0","0,0",0.0,148.8,0.0,
12072293331,"5 aug 2024, 22:28:59",ü•éü•é,Padel,5531,"0,00",182.0,"0,0","0,0",0.0,150.1,0.0,
11954648252,"22 jul 2024, 19:24:46",Padel ü•é,Padel,5934,"0,00",192.0,"0,0","0,0",0.0,151.8,0.0,
11870306004,"12 jul 2024, 15:41:56",Zwift - Basics in Watopia,Virtuele fietsrit,1868,"9,52",182.0,"18,3","46,1",168.0,157.6,252.0,
11836539234,"8 jul 2024, 12:39:30",Zwift - The Beginning in Makuri Islands,Virtuele fietsrit,2011,"13,60",190.0,"24,4","54,4",110.0,160.5,267.9,
11389915251,"6 mei 2024, 11:36:52",Middagloop,Hardloopsessie,1080,"2,26",183.0,"7,5","15,3",0.0,155.1,0.0,
11314487992,"2 mei 2024, 12:24:47",Middagloop,Hardloopsessie,2553,"5,67",181.0,"8,0","16,6",42.6,160.0,0.0,
11293203267,"29 apr 2024, 20:06:47",Avondloop,Hardloopsessie,1711,"4,36",197.0,"9,2","15,8",29.7,177.2,0.0,
11255573597,"24 apr 2024, 19:34:39",Avondloop,Hardloopsessie,1413,"3,09",192.0,"7,9","15,9",23.8,168.0,0.0,
11248846002,"23 apr 2024, 20:53:54",Avondloop,Hardloopsessie,1884,"4,36",198.0,"8,3","14,6",29.9,181.2,0.0,
11248846200,"16 apr 2024, 19:43:28",Avondloop,Hardloopsessie,1454,"3,09",198.0,"7,7","13,8",28.4,170.5,0.0,
11159298016,"11 apr 2024, 20:12:44",Avondloop,Hardloopsessie,1193,"2,65",190.0,"8,0","17,8",22.2,166.0,0.0,
11159299076,"8 apr 2024, 15:12:54",Namiddagloop,Hardloopsessie,1430,"2,95",195.0,"7,4","14,8",25.1,172.8,0.0,
11110985422,"5 apr 2024, 12:58:12",Middagloop,Hardloopsessie,1185,"2,25",189.0,"6,8","13,2",15.6,165.0,0.0,
10333835069,"5 dec 2023, 19:43:30",Zwift - Race: Zwift Crit Racing Club - The Fan Flats (D) on The Fan Flats in Richmond,Virtuele fietsrit,2653,"24,82",,"33,7","46,1",99.0,,525.3,
10302148573,"29 nov 2023, 18:36:42",Zwift - No Nonsense in Watopia,Virtuele fietsrit,2210,"16,90",181.0,"27,5","53,7",130.0,154.3,318.0,
10296371473,"28 nov 2023, 18:12:22",Zwift - Slow Motion in Watopia,Virtuele fietsrit,1990,"15,47",,"28,0","47,9",64.0,,266.5,
10273879481,"24 nov 2023, 15:25:22",Zwift - Over - Unders in Watopia,Virtuele fietsrit,1989,"14,05",,"25,4","54,0",103.0,,321.6,
10245389854,"19 nov 2023, 13:05:38",Zwift - Basics in Watopia,Virtuele fietsrit,1867,"9,67",182.0,"18,6","47,0",151.0,159.7,252.2,
10229579956,"16 nov 2023, 17:44:08",Zwift - The Beginning in London,Virtuele fietsrit,2013,"9,84",176.0,"17,6","55,0",196.0,148.5,271.7,
10188168133,"9 nov 2023, 13:11:37",Zwift - Ocean Lava Cliffside Loop in Watopia,Virtuele fietsrit,2435,"19,72",,"29,2","64,7",157.0,,415.6,
10178182886,"7 nov 2023, 19:13:27",Zwift - Race: Stage 1: Neokyo Nights - Sleepless City (D) on Sleepless City in Makuri Islands,Virtuele fietsrit,2117,"19,77",201.0,"33,6","49,1",86.0,177.1,367.7,
10824695934,"7 nov 2023, 19:09:39",Avondrit,Virtuele fietsrit,2546,"0,00",201.0,"0,0","0,0",0.0,170.2,0.0,
10162605354,"5 nov 2023, 08:53:57",Beetje losrijden,Virtuele fietsrit,2299,"14,60",175.0,"22,9","49,5",161.0,147.9,249.6,
10147326638,"2 nov 2023, 12:46:20",Zwift - Big Gear SST - 2 x 6 in Makuri Islands,Virtuele fietsrit,1847,"8,20",185.0,"16,0","46,1",174.0,162.2,264.9,
10112153143,"27 okt 2023, 11:14:00",Zwift - Ramp Test in Richmond,Virtuele fietsrit,1489,"10,40",,"25,1","46,0",44.0,,174.6,
10103326699,"25 okt 2023, 18:45:18",Zwift - Race: Guayaba Race con PETA-Z (D) on London Loop Reverse in London,Virtuele fietsrit,2049,"14,94",200.0,"26,3","72,6",230.0,181.5,381.5,
10091668460,"23 okt 2023, 19:20:01",Zwift - Group Ride: ZZRC Spin Out Sub 2 (D) on Ocean Lava Cliffside Loop in Watopia,Virtuele fietsrit,3608,"28,77",193.0,"28,7","72,7",241.0,171.8,608.4,
9938337939,"28 sep 2023, 18:43:41",Zwift - Race: Zwift Crit Club (D) on Twilight Harbor in Makuri Islands,Virtuele fietsrit,2175,"21,13",197.0,"35,0","45,5",105.0,177.5,402.7,
10112050517,"28 sep 2023, 18:40:52",Avondrit,Virtuele fietsrit,2360,"0,00",197.0,"0,0","0,0",0.0,173.6,0.0,
9917886456,"25 sep 2023, 16:13:28",Zwift - Race: Stage 4: Get Rolling - R.G.V. (D) on R.G.V. in France,Virtuele fietsrit,2693,"25,32",203.0,"33,8","48,4",133.0,180.2,488.4,
9894064995,"21 sep 2023, 19:13:27",Zwift - Race: Stage 3: Get Rolling - London Classique (D) on Classique in London,Virtuele fietsrit,1812,"17,35",202.0,"34,5","59,9",95.0,174.2,337.6,
9846714356,"14 sep 2023, 12:13:35",Zwift - Race: Stage 2: Get Rolling - Two Villages Loop (D) on Two Village Loop in Makuri Islands,Virtuele fietsrit,1704,"13,59",194.0,"28,7","58,7",88.0,180.6,308.4,
9794098233,"6 sep 2023, 12:14:29",Zwift - Race: Stage 1: Get Rolling - Watopia Flat Reverse (E) on Flat Route Reverse in Watopia,Virtuele fietsrit,1220,"10,68",192.0,"31,5","48,7",61.0,176.5,224.5,
9782687219,"4 sep 2023, 18:08:16",Avondloop,Hardloopsessie,2289,"4,28",175.0,"6,7","15,0",33.9,149.6,0.0,
9761225435,"1 sep 2023, 12:44:40",Middagloop,Hardloopsessie,1943,"4,34",193.0,"8,0","14,8",30.0,172.6,0.0,
9750956826,"30 aug 2023, 19:09:40",Avondloop,Hardloopsessie,2347,"4,85",189.0,"7,4","13,0",35.4,158.6,0.0,
9737731325,"28 aug 2023, 18:21:40",Avondloop,Hardloopsessie,2226,"4,11",183.0,"6,6","16,3",35.6,149.7,0.0,
9704562663,"23 aug 2023, 12:36:18",Middagloop,Hardloopsessie,2230,"4,39",191.0,"7,1","13,8",30.3,164.3,0.0,
9693244880,"21 aug 2023, 19:20:39",Avondloop,Hardloopsessie,2050,"3,49",172.0,"6,1","10,9",29.6,147.0,0.0,
9672614029,"18 aug 2023, 15:17:27",Namiddagloop,Hardloopsessie,2400,"3,91",178.0,"5,9","11,8",30.4,151.7,0.0,
9632751821,"11 aug 2023, 20:30:42",Dodentocht 2023 üëäüëä,Wandeling,63360,"97,46",172.0,"5,5","32,9",130.9,149.5,0.0,
9550034134,"30 jul 2023, 14:54:19",Namiddagwandeling,Wandeling,1974,"3,28",138.0,"6,0","11,7",0.0,121.9,0.0,
9530664413,"27 jul 2023, 12:50:39",Nog 15 dagen tot de Dodentocht ü§û,Wandeling,2959,"5,18",153.0,"6,3","11,2",38.9,129.3,0.0,
9493717495,"21 jul 2023, 09:31:09",Gelukkige verjaardag mama ü§çüí´,Wandeling,11849,"15,12",183.0,"4,6","25,0",500.1,132.7,0.0,
9456542459,"15 jul 2023, 08:19:09",Ochtendwandeling,Wandeling,28984,"46,38",180.0,"5,8","15,6",435.3,136.8,0.0,
9416874538,"9 jul 2023, 06:28:02",Ochtendwandeling,Wandeling,18155,"29,78",182.0,"5,9","14,8",310.4,139.2,0.0,
9389154615,"4 jul 2023, 17:41:08",Namiddagwandeling,Wandeling,13099,"22,84",180.0,"6,3","13,5",270.8,146.6,0.0,
9363970763,"30 jun 2023, 17:59:44",Namiddagwandeling,Wandeling,9763,"15,99",180.0,"5,9","16,8",146.6,155.6,0.0,
9306643015,"21 jun 2023, 11:46:53",Middagwandeling,Wandeling,3695,"6,07",162.0,"5,9","11,1",34.3,131.3,0.0,
9287285492,"18 jun 2023, 10:50:41",Nieuwe schoentjes wat kort instappen,Wandeling,1689,"3,04",142.0,"6,5","12,5",7.8,124.5,0.0,
9236114758,"9 jun 2023, 18:54:31",Pittig nachtje ,Wandeling,39716,"60,33",168.0,"5,5","13,8",556.1,128.5,0.0,
9200171016,"4 jun 2023, 05:05:41",Ochtendwandeling,Wandeling,27447,"43,47",164.0,"5,7","14,6",407.6,127.5,0.0,
9182225032,"1 jun 2023, 15:02:14",Namiddagwandeling,Wandeling,4003,"6,73",141.0,"6,0","11,1",48.5,118.2,0.0,
9156234006,"28 mei 2023, 10:43:04",Ochtendwandeling,Wandeling,11385,"18,90",172.0,"6,0","13,1",174.2,138.1,0.0,
9143470608,"26 mei 2023, 11:28:17",Middagrit,Fietsrit,8119,"44,41",,"19,7","51,3",408.0,,0.0,
9120544298,"22 mei 2023, 17:52:14",Namiddagwandeling,Wandeling,7378,"12,00",159.0,"5,9","13,5",117.6,129.6,0.0,
9083729337,"16 mei 2023, 16:59:42",Namiddagwandeling,Wandeling,14640,"23,19",162.0,"5,7","14,3",276.4,124.9,0.0,
9077091243,"15 mei 2023, 19:11:32",Zwift - Watopia's Waistband in Watopia,Virtuele fietsrit,3220,"28,59",,"32,0","60,8",102.0,,522.9,
9017217515,"5 mei 2023, 15:07:15",Afzien en afzien enzo ,Wandeling,25692,"38,80",,"5,4","16,4",411.9,,0.0,
9010585843,"4 mei 2023, 19:06:42",Zwift - New York,Virtuele fietsrit,1806,"11,11",,"22,1","74,3",214.0,,275.0,
8997881202,"2 mei 2023, 19:13:21",Zwift - Race: STAGE 1: Crit Club ‚Äî Volcano Circuit CCW (D) on Volcano Circuit CCW in Watopia,Virtuele fietsrit,1658,"17,40",,"37,8","53,2",91.0,,325.8,
8977585366,"29 apr 2023, 09:18:16",Wandeling met Dimi ,Wandeling,19394,"28,21",,"5,2","13,0",111.4,,0.0,
8949677517,"24 apr 2023, 18:06:57",Avondwandeling,Wandeling,5679,"9,32",,"5,9","9,5",74.5,,0.0,
8935542149,"22 apr 2023, 09:27:44",Ochtendwandeling üåßÔ∏èüåßÔ∏èüåßÔ∏è,Wandeling,13019,"20,72",,"5,7","11,8",182.9,,0.0,
8924305345,"20 apr 2023, 12:23:15",Middagwandeling,Wandeling,4933,"8,14",,"5,9","41,5",46.8,,0.0,
8907913611,"17 apr 2023, 19:00:32",Zwift - Race: 3R Racing (D) on Queen's Highway in Yorkshire,Virtuele fietsrit,860,"8,08",,"33,8","69,7",108.0,,169.7,
8894738649,"15 apr 2023, 13:10:29",Wandeling met papa,Wandeling,7889,"11,24",,"5,1","12,3",150.0,,0.0,
8884204607,"13 apr 2023, 16:18:05",Namiddagwandeling,Wandeling,4847,"7,45",,"5,5","9,0",56.8,,0.0,
8873214808,"11 apr 2023, 18:55:02",Zwift - Group Ride: The HERD Tuesday Social (D) on R.G.V. in France,Virtuele fietsrit,3625,"32,82",,"32,6","55,8",149.0,,459.6,
8863902480,"10 apr 2023, 09:29:02",Beetje losrijden in Makuri Islands,Virtuele fietsrit,3005,"20,91",,"25,1","48,5",125.0,,381.8,
8826549905,"3 apr 2023, 17:56:23",Dat den Dodentocht nog ver weg is ü´£,Wandeling,9628,"16,05",,"6,0","12,3",184.8,,0.0,
8587523997,"19 feb 2023, 13:09:20",Namiddagwandeling,Wandeling,6942,"11,68",,"6,1","11,3",142.9,,0.0,
8553604203,"13 feb 2023, 11:56:52",Middagwandeling,Wandeling,3966,"6,23",,"5,7","10,3",56.7,,0.0,
8440135781,"23 jan 2023, 19:35:58",Zwift - SST Bursts 6 in London,Virtuele fietsrit,1811,"15,48",,"30,8","45,3",36.0,,278.8,
8418615784,"19 jan 2023, 18:57:46",Zwift - Big Gear SST - 2 x 6 in Watopia,Virtuele fietsrit,1814,"14,12",,"28,0","54,8",163.0,,265.6,
8407963766,"17 jan 2023, 19:16:23",Zwift - VO2 Max 3x3 in France,Virtuele fietsrit,2289,"18,68",,"29,4","47,2",129.0,,339.0,
8401155517,"16 jan 2023, 14:57:48",Zwift - Pedaling Drills in France,Virtuele fietsrit,1826,"9,95",,"19,6","59,6",131.0,,218.2,
8365555590,"9 jan 2023, 21:01:07","Zwift - Ride, Long on Royal Pump ",Virtuele fietsrit,2175,"15,13",,"25,0","83,7",270.0,,337.2,
8341638589,"5 jan 2023, 12:18:14",Middagwandeling,Wandeling,4467,"6,32",130.0,"5,1","9,4",57.2,113.1,0.0,
8324993961,"2 jan 2023, 12:10:34",Middagwandeling,Wandeling,3275,"5,35",,"5,9","9,2",48.4,,0.0,
8211324128,"5 dec 2022, 18:50:24",Avondloop,Hardloopsessie,997,"2,17",,"7,8","15,3",10.9,,0.0,
8188247611,"30 nov 2022, 08:39:11",Ochtendwandeling,Wandeling,5125,"6,79",,"4,8","26,6",13.3,,0.0,
8134498966,"18 nov 2022, 11:39:47",Zwift - Downtown Titans in Watopia,Virtuele fietsrit,2960,"24,84",,"30,2","59,9",291.0,,520.8,
8118011859,"14 nov 2022, 19:15:18",Zwift - Race: Forte Race Series (D) on Seaside Sprint in Watopia,Virtuele fietsrit,2320,"21,86",,"33,9","55,9",176.0,,452.4,
7991722943,"20 okt 2022, 10:10:49",E-MTB,Fietsrit,9609,"56,74",,"21,3","50,1",734.0,,0.0,
7987205305,"19 okt 2022, 12:54:28",Middagrit,Fietsrit,5908,"38,34",,"23,4","52,9",373.0,,0.0,
7986400529,"12 okt 2022, 14:36:24",Namiddagrit,Fietsrit,7055,"31,55",,"16,1","27,9",157.0,,0.0,
7941047627,"10 okt 2022, 10:23:52",Ochtendwandeling,Wandeling,11125,"13,47",140.0,"4,4","6,7",481.6,108.4,0.0,
7920109626,"6 okt 2022, 10:02:47",Ochtendwandeling,Wandeling,12967,"20,54",190.0,"5,7","11,5",79.6,115.1,0.0,
7915235579,"5 okt 2022, 13:01:00",Namiddagrit,Fietsrit,7381,"48,20",,"23,5","43,5",573.0,,0.0,
7906140071,"3 okt 2022, 19:20:27",Avondloop,Hardloopsessie,2236,"4,65",,"7,5","14,7",37.5,,0.0,
7884264921,"29 sep 2022, 12:14:02",E-MTB,Fietsrit,3651,"23,31",,"23,0","49,4",302.0,,0.0,
7874235851,"27 sep 2022, 12:40:23",E-MTB,Fietsrit,3290,"21,00",,"23,0","48,9",258.0,,0.0,
7871323655,"26 sep 2022, 20:19:03",Avondloop,Hardloopsessie,1579,"3,49",,"8,0","11,8",27.8,,0.0,
7853768105,"23 sep 2022, 12:01:58",E-MTB ,Fietsrit,4748,"28,87",,"21,9","46,9",385.0,,0.0,
7840005345,"20 sep 2022, 17:51:59",Namiddagrit,Fietsrit,7304,"46,12",194.0,"22,7","54,5",514.0,151.3,0.0,
7832366178,"19 sep 2022, 11:58:08",Middagrit,Fietsrit,3299,"23,49",185.0,"25,6","39,8",169.0,164.1,0.0,
7822171473,"17 sep 2022, 14:16:15",Namiddagloop,Hardloopsessie,2082,"4,43",172.0,"7,7","12,3",30.3,147.4,0.0,
7808457961,"14 sep 2022, 19:06:01",Avondrit üåßÔ∏èüåßÔ∏è,Fietsrit,3481,"23,42",,"24,2","45,9",124.0,,0.0,
7807057766,"14 sep 2022, 15:28:27",Namiddagloop,Hardloopsessie,1483,"3,46",,"8,4","14,5",28.0,,0.0,
7795377800,"12 sep 2022, 12:42:42",Namiddagloop,Hardloopsessie,1638,"3,94",,"8,7","15,5",30.2,,0.0,
7770683915,"7 sep 2022, 18:55:14",Avondloop,Hardloopsessie,1564,"4,23",185.0,"9,7","11,3",27.3,162.4,0.0,
7738674494,"1 sep 2022, 21:16:09",Nachtloop,Hardloopsessie,1591,"4,38",189.0,"9,9","11,3",30.3,174.2,0.0,
7731300800,"31 aug 2022, 15:53:57",Namiddagwandeling,Wandeling,1919,"2,76",130.0,"5,2","5,7",0.0,111.2,0.0,
7730983337,"31 aug 2022, 15:00:59",Namiddagloop,Hardloopsessie,701,"1,94",192.0,"10,0","11,1",23.4,166.0,0.0,
7730723058,"31 aug 2022, 14:00:19",Namiddagwandeling,Wandeling,1434,"2,16",154.0,"5,4","5,9",5.7,115.6,0.0,
7719266610,"29 aug 2022, 13:03:54",Namiddagloop,Hardloopsessie,1382,"3,99",197.0,"10,4","11,4",6.8,182.1,0.0,
7714054086,"28 aug 2022, 13:26:54",Namiddagloop,Hardloopsessie,1147,"3,24",,"10,2","13,6",12.7,,0.0,
7710036529,"27 aug 2022, 18:47:49",Avondloop,Hardloopsessie,715,"2,14",,"10,8","17,4",11.7,,0.0,
7687611286,"23 aug 2022, 19:08:47",Zwift - Ramp Test in London,Virtuele fietsrit,1533,"11,35",,"26,6","49,7",50.0,,198.2,
7663531018,"19 aug 2022, 12:21:55",Zwift - Tick Tock in Watopia,Virtuele fietsrit,2231,"19,94",,"32,2","52,3",59.0,,371.0,
7611008763,"9 aug 2022, 21:31:56",Nachtloop,Hardloopsessie,732,"2,10",,"10,3","13,1",10.1,,0.0,
7552651232,"30 jul 2022, 12:29:10",Zwift - France,Virtuele fietsrit,1831,"12,49",129.0,"24,5","32,5",23.0,16.4,166.4,
7032669587,"24 apr 2022, 08:47:25",Affligemse pijl met Bjarne,Fietsrit,12447,"91,17",,"26,4","51,7",606.0,,0.0,
7018985427,"21 apr 2022, 19:00:18",Zwift - Race: Mussara 24h Race Day (D) on Roule Ma Poule in France,Virtuele fietsrit,3243,"26,40",,"29,3","61,8",262.0,,671.7,
7018569914,"21 apr 2022, 18:32:42",Zwift - Wandering Flats in Makuri Islands,Virtuele fietsrit,1052,"10,07",,"34,5","51,2",31.0,,186.1,
6986545644,"15 apr 2022, 16:11:19",Middagrit,Fietsrit,6721,"47,21",,"25,3","46,4",355.0,,0.0,
6969233515,"12 apr 2022, 11:04:41",Ritje met Bjarne tegen de wind üí®üö¥üèº‚Äç‚ôÇÔ∏èüö¥üèª,Fietsrit,7402,"49,20",,"23,9","48,7",326.0,,0.0,
6944364673,"7 apr 2022, 12:59:24",Middagloop,Hardloopsessie,1674,"3,94",,"8,5","14,4",30.0,,0.0,
6870362549,"23 mrt 2022, 15:31:42",Ketting 4x eraf ‚õìüõ†,Fietsrit,3942,"28,79",202.0,"26,3","45,7",244.0,177.4,0.0,
6841862340,"18 mrt 2022, 08:47:15",‚òÄÔ∏èü•∂,Fietsrit,4193,"29,51",203.0,"25,3","45,9",302.0,182.8,0.0,
6787299909,"7 mrt 2022, 14:57:24",Zwift - Watopia,Virtuele fietsrit,3565,"30,13",,"30,4","62,8",254.0,,640.8,
6756872764,"1 mrt 2022, 15:32:42",Watopia,Virtuele fietsrit,6157,"39,06",,"22,8","72,4",512.0,,981.1,
6732448073,"24 feb 2022, 18:18:21",Zwift - Tempo Accelerations in New York,Virtuele fietsrit,3015,"20,29",,"24,2","82,6",349.0,,488.7,
6722507232,"22 feb 2022, 18:51:43",Zwift - Tempo To Sprints in New York,Virtuele fietsrit,3009,"20,33",,"24,3","79,5",348.0,,474.7,
6693023157,"16 feb 2022, 18:33:27",Zwift - Gran Fondo - Step-Down Intervals,Virtuele fietsrit,3015,"22,13",,"26,4","80,1",366.0,,528.1,
6662483706,"10 feb 2022, 18:50:55",Zwift - Gran Fondo - Make A Break For It,Virtuele fietsrit,3036,"21,96",,"26,0","80,7",228.0,,486.5,
6651429668,"8 feb 2022, 17:59:54",Zwift - Gran Fondo - Long Tempo Intervals,Virtuele fietsrit,3016,"22,84",,"27,3","79,3",236.0,,497.9,
6619535469,"2 feb 2022, 12:00:43",Zwift - TdZ Stage 7: Long Ride ,Virtuele fietsrit,3420,"27,98",,"29,5","87,6",490.0,,680.5,
6598277634,"29 jan 2022, 10:00:37",Zwift - TdZ Stage 6: Long Ride ,Virtuele fietsrit,6372,"56,41",,"31,9","79,6",473.0,,1183.8,
6590872041,"27 jan 2022, 19:00:29",Zwift - Renegade Race (D),Virtuele fietsrit,2283,"23,29",,"36,7","53,6",131.0,,508.2,
6575184663,"24 jan 2022, 18:00:24",Zwift - TdZ Stage 5: Long Ride ,Virtuele fietsrit,3281,"32,84",,"36,0","73,2",259.0,,693.7,
6567402661,"23 jan 2022, 10:51:28",Zwift - Ramp Test,Virtuele fietsrit,1044,"9,37",,"32,3","48,2",26.0,,196.4,
6558795511,"21 jan 2022, 16:00:32",Zwift - TdZ Stage 4: Long Ride ,Virtuele fietsrit,3241,"26,93",,"29,9","61,9",239.0,,638.2,
6539674487,"17 jan 2022, 20:00:33",Zwift - TdZ Stage 3: Long Ride ,Virtuele fietsrit,3667,"39,41",,"38,7","65,1",286.0,,774.8,
6522233741,"14 jan 2022, 14:00:40","Zwift - TdZ Stage 2: Long Ride - 12km ‚õ∞ 8,5%",Virtuele fietsrit,7313,"28,10",,"13,8","50,7",1187.0,,1366.9,
6512975192,"12 jan 2022, 18:00:00",Zwift - Cycle Nation ,Virtuele fietsrit,3615,"37,95",,"37,8","48,4",57.0,,655.1,
6503270210,"10 jan 2022, 20:00:54",Zwift - TdZ Stage 1: Long Ride ,Virtuele fietsrit,4759,"49,36",,"37,3","55,9",266.0,,909.1,
6476682654,"5 jan 2022, 15:16:58",Zwift - London,Virtuele fietsrit,2664,"20,08",168.0,"27,1","54,5",100.0,131.9,326.7,
6472089497,"4 jan 2022, 16:40:13",Zwift - Road to ruins ‚õ∞‚õ∞,Virtuele fietsrit,4244,"30,34",186.0,"25,7","70,2",276.0,159.3,739.8,
6467714369,"3 jan 2022, 19:15:19",Zwift - Forte Race Series (D),Virtuele fietsrit,2250,"21,77",204.0,"34,8","54,8",176.0,193.0,492.3,
6467502961,"3 jan 2022, 18:51:55",Zwift - Watopia,Virtuele fietsrit,1068,"7,55",182.0,"25,4","44,2",33.0,144.6,127.6,
6451347885,"31 dec 2021, 13:43:40",Zwift - Makuri Islands,Virtuele fietsrit,4073,"30,13",196.0,"26,6","60,5",313.0,171.6,703.8,
6390381591,"16 dec 2021, 12:04:39",Zwift - Fondo - Step-Down Intervals,Virtuele fietsrit,3022,"24,05",194.0,"28,7","64,4",198.0,172.3,488.2,
6379543227,"13 dec 2021, 18:13:45",Zwift - Fondo - Low-Cadence Intervals,Virtuele fietsrit,3014,"35,44",194.0,"42,3","48,2",195.0,151.8,454.7,
6366684601,"10 dec 2021, 15:31:11",Zwift - Fondo - Long Tempo,Virtuele fietsrit,3022,"23,76",176.0,"28,3","48,4",131.0,156.0,461.4,
6362029150,"9 dec 2021, 11:32:50",ZHR Masters TT Series (E),Virtuele fietsrit,1695,"16,35",202.0,"34,7","40,8",25.0,191.8,357.1,
6359227971,"8 dec 2021, 15:54:47",Fondo - Long Tempo,Virtuele fietsrit,5110,"43,79",185.0,"30,8","57,8",313.0,159.3,758.9,
6351393101,"6 dec 2021, 18:20:07",Fondo - Make A Break For It,Virtuele fietsrit,3003,"19,51",194.0,"23,4","68,3",286.0,169.9,472.3,
6346266616,"5 dec 2021, 12:49:51",Volcano Climb,Virtuele fietsrit,2833,"23,84",206.0,"30,3","56,8",203.0,185.6,530.3,
6337985385,"3 dec 2021, 13:35:45",Fondo - The Long Ride,Virtuele fietsrit,3934,"26,20",190.0,"24,0","62,0",308.0,156.6,551.2,
6331136545,"1 dec 2021, 19:35:07",Fondo - Welcome Workout,Virtuele fietsrit,2784,"21,69",196.0,"28,1","40,9",107.0,166.9,358.4,
6322736195,"29 nov 2021, 19:40:17",Fondo - Introductory Intervals,Virtuele fietsrit,3304,"25,11",184.0,"27,4","41,5",86.0,152.5,450.2,
6312803012,"27 nov 2021, 12:49:40",Ramp Test,Virtuele fietsrit,1526,"5,73",204.0,"13,5","37,8",144.0,155.1,188.5,
6309717627,"26 nov 2021, 16:47:27",Watopia,Virtuele fietsrit,1089,"7,11",197.0,"23,5","47,6",36.0,160.8,156.6,
6309580172,"26 nov 2021, 16:12:42",Watopia,Virtuele fietsrit,752,"4,99",169.0,"23,9","39,1",13.0,129.6,76.5,
6301101945,"24 nov 2021, 13:38:05",Watopia,Virtuele fietsrit,4311,"30,02",198.0,"25,1","64,4",254.0,169.8,555.6,
6001877910,"22 sep 2021, 16:31:18",Middagloop,Hardloopsessie,45,"0,11",128.0,"8,8","7,2",0.0,108.7,0.0,
5946720384,"12 sep 2021, 09:54:49",Met papa en Yarni,Fietsrit,4917,"30,51",201.0,"22,3","47,5",260.0,148.0,0.0,
5906137047,"4 sep 2021, 09:54:53","12 uur van Zolder. Met Yarni, Kristof, Mo, Bjarne en Jimmy",Fietsrit,15983,"133,34",200.0,"30,0","52,9",715.0,175.3,0.0,
5902006830,"4 sep 2021, 09:26:56",Ochtendrit,Fietsrit,513,"3,91",187.0,"27,5","39,2",24.0,161.4,0.0,
5901925420,"4 sep 2021, 09:01:29",Verkenning circuit,Fietsrit,599,"4,06",173.0,"24,4","37,1",21.0,147.2,0.0,
5851250721,"25 aug 2021, 15:33:00",Middagloop,Hardloopsessie,2939,"7,13",,"8,7","22,0",51.0,,0.0,
5785227583,"13 aug 2021, 11:16:02",Valleitjesroute met Yarni ,Fietsrit,5086,"32,21",199.0,"22,8","48,6",356.0,153.0,0.0,
5780467586,"12 aug 2021, 13:02:39",Ritje met Lore üö¥üèº‚Äç‚ôÇÔ∏èüö¥üèª‚Äç‚ôÄÔ∏è,Fietsrit,4125,"23,71",198.0,"20,7","55,8",206.0,149.7,0.0,
5749340836,"6 aug 2021, 17:25:39",Tof ritje met Yarni en Moüí® üö¥üèº‚Äç‚ôÇÔ∏è,Fietsrit,8875,"62,03",198.0,"25,2","56,9",482.0,160.4,0.0,
5716833661,"31 jul 2021, 13:33:55",Middagwandeling,Wandeling,9834,"11,78",,"4,3","52,2",12.5,,0.0,
5701757521,"28 jul 2021, 18:45:01",Avondwandeling,Wandeling,2426,"2,94",,"4,4","28,4",48.0,,0.0,
5700921018,"28 jul 2021, 15:50:19",Middagwandeling,Wandeling,2689,"3,51",,"4,7","9,4",8.2,,0.0,
5675441817,"23 jul 2021, 18:44:35",Eerste 22km met papa en Yarni,Fietsrit,7258,"45,04",197.0,"22,3","46,1",444.0,148.3,0.0,
5662314567,"21 jul 2021, 07:08:56",Ochtendrit,Fietsrit,15156,"101,28",197.0,"24,1","45,7",367.0,155.9,0.0,
5640722287,"17 jul 2021, 12:37:53",Michiel tegengekomen ,Fietsrit,762,"2,23",,"10,5","12,2",30.0,,0.0,
5640642919,"17 jul 2021, 10:04:25",Ritje met Kristof. #nattevoeten,Fietsrit,7698,"55,19",,"25,8","45,7",387.0,,0.0,
5619765341,"13 jul 2021, 11:43:41",Middagrit,Fietsrit,2127,"15,62",204.0,"26,4","42,8",140.0,181.5,0.0,
5603948073,"10 jul 2021, 09:20:43",Ochtendrit,Fietsrit,11788,"73,77",,"22,5","51,8",567.5,,0.0,
5602945869,"10 jul 2021, 08:57:17",Ochtendrit,Fietsrit,532,"3,26",,"22,1","32,0",0.0,,0.0,
5537297547,"27 jun 2021, 11:14:12",Solo km‚Äôs maken üí®üö¥üèª,Fietsrit,9518,"61,10",,"23,1","50,4",509.5,,0.0,
5422133646,"6 jun 2021, 10:19:11",Ritje met Kristof üö¥üèªüö¥üèº‚Äç‚ôÇÔ∏è,Fietsrit,5228,"33,44",,"23,0","55,4",300.2,,0.0,
5382617712,"30 mei 2021, 10:23:35",Ochtendrit,Fietsrit,5999,"37,88",,"22,7","45,7",339.4,,0.0,
5382151755,"25 mei 2021, 07:49:39",Ochtendrit,Fietsrit,570,"3,41",163.0,"21,6","31,0",0.0,145.4,0.0,
5207764680,"28 apr 2021, 16:12:19",Middagwandeling,Wandeling,3393,"3,54",,"3,8","11,9",30.5,,0.0,
5166012070,"21 apr 2021, 13:36:13",üç¶wandeling met ons klein en Lou‚ù§Ô∏è,Wandeling,3089,"3,67",,"4,3","22,0",40.3,,0.0,
4945551395,"14 mrt 2021, 13:32:25",Zondagswandeling met Lore üèû,Wandeling,2764,"3,25",,"4,2","7,9",29.4,,0.0,
4895357765,"5 mrt 2021, 16:10:07",Rustig kilometers maken met Yarni ,Fietsrit,7621,"45,00",198.0,"21,3","41,8",382.4,164.0,0.0,
4864484751,"28 feb 2021, 10:38:17",Rustig ritje,Fietsrit,6598,"37,00",196.0,"20,2","43,6",368.8,157.2,0.0,
4837779572,"23 feb 2021, 15:45:05",Middagrit,Fietsrit,7406,"46,58",,"22,6","53,6",261.0,,0.0,
4823511609,"21 feb 2021, 10:13:09",Eerste rit van het jaar ,Fietsrit,9001,"56,42",205.0,"22,6","50,4",550.0,174.8,0.0,
4483628306,"17 dec 2020, 15:31:48",Watopia,Virtuele fietsrit,5183,"43,70",195.0,"30,4","65,5",334.0,139.0,931.3,
4475257984,"15 dec 2020, 15:00:18",Zwift Time Trial Tuesday: Tempus Fugit (E),Virtuele fietsrit,1943,"17,93",176.0,"33,2","41,4",27.0,157.6,423.0,
4471381842,"14 dec 2020, 14:37:12","eerste test met Tacx, snelheid klopt precies nog niet.. ",Virtuele fietsrit,3222,"31,58",195.0,"35,3","57,6",187.0,161.2,632.7,
4402586802,"28 nov 2020, 13:23:22",Middagwandeling,Wandeling,5825,"7,34",127.0,"4,5","6,1",64.7,105.4,0.0,
4368573214,"21 nov 2020, 10:36:11",Ochtendrit,Fietsrit,6075,"39,62",201.0,"23,5","44,3",347.1,172.3,0.0,
4355811938,"18 nov 2020, 14:43:53",Middagrit,Fietsrit,3396,"22,91",184.0,"24,3","42,8",216.8,155.0,0.0,
4355461246,"12 nov 2020, 15:01:26",Middagloop,Hardloopsessie,1684,"4,21",195.0,"9,0","14,4",26.6,168.0,0.0,
4321788593,"11 nov 2020, 10:03:14",Ochtendrit,Fietsrit,9137,"58,37",202.0,"23,0","58,3",525.9,171.3,0.0,
4308068028,"8 nov 2020, 14:14:03",Middagwandeling,Wandeling,2185,"1,90",134.0,"3,1","5,8",19.4,103.6,0.0,
4285746315,"4 nov 2020, 15:32:00",Veel veldwegjes met Yarni,Fietsrit,5633,"33,32",,"21,3","41,0",344.7,,0.0,
4229624625,"22 okt 2020, 16:17:05",Eerste valpartij ü§ï,Fietsrit,7597,"47,25",,"22,4","48,2",413.9,,0.0,
4209977792,"18 okt 2020, 08:46:07",Ochtendrit,Fietsrit,8751,"55,35",,"22,8","52,6",490.2,,0.0,
4145818086,"3 okt 2020, 16:07:28",Middagrit,Fietsrit,2977,"20,85",,"25,2","54,0",199.2,,0.0,
3949249651,"22 aug 2020, 06:28:38",Ochtendrit,Fietsrit,24553,"139,78",180.0,"20,5","46,1",668.0,143.7,0.0,
3936368482,"19 aug 2020, 17:18:26",Middagrit,Fietsrit,2098,"14,66",199.0,"25,2","43,6",138.5,165.9,0.0,
3903388067,"12 aug 2020, 17:59:20",Heel veel last aan de spieren ü§ï,Fietsrit,4994,"32,34",193.0,"23,3","41,4",246.3,157.4,0.0,
3877371992,"7 aug 2020, 08:15:16",Leeuw van Waterloo ü¶Åü•µü•µ,Fietsrit,12978,"77,78",202.0,"21,6","62,6",829.2,160.7,0.0,
3864557626,"4 aug 2020, 18:03:00",Avondrit,Fietsrit,8766,"60,96",200.0,"25,0","52,6",430.4,163.5,0.0,
3847306915,"1 aug 2020, 10:15:11",Tof ritje met Kristof en Bjarne üö¥üèº‚Äç‚ôÇÔ∏èüö¥üèªüö¥üèº‚Äç‚ôÇÔ∏è,Fietsrit,7991,"53,75",205.0,"24,2","52,9",505.9,172.0,0.0,
3834918436,"29 jul 2020, 19:47:07",Avondrit,Fietsrit,6690,"44,27",195.0,"23,8","52,6",408.9,163.9,0.0,
3810659262,"25 jul 2020, 10:34:47",Ochtendrit,Fietsrit,8277,"54,38",192.0,"23,7","43,6",485.7,154.5,0.0,
3790972366,"20 jul 2020, 17:59:45",Middagrit,Fietsrit,486,"3,46",170.0,"25,6","39,2",3.1,147.4,0.0,
3791942905,"20 jul 2020, 17:59:01",Ontspannen ritje met papa en Kristof,Fietsrit,8469,"52,33",,"22,2","54,7",468.7,,0.0,
3771076456,"16 jul 2020, 16:23:07",Middagloop,Hardloopsessie,1443,"3,88",,"9,7","14,0",30.9,,0.0,
3753170099,"12 jul 2020, 17:29:48",avondrit,Fietsrit,6683,"46,05",,"24,8","50,8",395.5,,0.0,
3733483237,"8 jul 2020, 21:29:31",Nachtloop,Hardloopsessie,1033,"2,99",196.0,"10,4","12,2",28.8,184.8,0.0,
3702017320,"2 jul 2020, 12:46:17",Middagloop,Hardloopsessie,1519,"3,49",189.0,"8,3","11,2",20.1,168.7,0.0,
3659695117,"23 jun 2020, 18:07:15",Naar de bib en terug üìöüö¥üèº‚Äç‚ôÇÔ∏è,Fietsrit,3580,"27,01",196.0,"27,2","50,4",211.7,181.7,0.0,
3647644171,"21 jun 2020, 10:09:12",Ochtendrit,Fietsrit,6307,"40,99",197.0,"23,4","46,8",379.5,160.1,0.0,
3625380323,"16 jun 2020, 19:03:09",Avondrit,Fietsrit,6558,"47,29",204.0,"26,0","48,2",389.8,181.2,0.0,
3624473117,"16 jun 2020, 19:01:29",Avondrit,Fietsrit,126,"0,91",,"26,1","36,7",0.0,,0.0,
3613347579,"14 jun 2020, 13:42:12",Korte zondagsrit,Fietsrit,4844,"34,70",,"25,8","49,3",255.5,,0.0,
3588223713,"9 jun 2020, 16:30:44",Eerste rit na overbelasting üö¥üèº‚Äç‚ôÇÔ∏èüö¥üèª,Fietsrit,3549,"26,42",199.0,"26,8","49,3",230.1,179.7,0.0,
3461564277,"16 mei 2020, 12:05:42",Middagrit,Fietsrit,2077,"12,52",167.0,"21,7","33,8",76.3,130.5,0.0,
3425487804,"9 mei 2020, 13:29:41",Bedankt Tim voor de bevoorrading onderweg üòÖ ,Fietsrit,14867,"101,27",197.0,"24,5","56,9",759.4,167.6,0.0,
3403176385,"5 mei 2020, 16:30:36",Middagrit üí®üí®,Fietsrit,7159,"51,42",204.0,"25,9","47,2",412.0,171.4,0.0,
3390564236,"3 mei 2020, 09:38:27",Laatste 35km solo,Fietsrit,11998,"81,70",196.0,"24,5","53,6",596.7,164.1,0.0,
3379734351,"1 mei 2020, 13:39:26",üí®üö¥üèº‚Äç‚ôÇÔ∏èüö¥üèªüö¥üèº‚Äç‚ôÇÔ∏è,Fietsrit,5626,"33,38",197.0,"21,4","42,1",305.1,159.0,0.0,
3362738714,"27 apr 2020, 17:29:17",Rit met Kristof üö¥üèªüö¥üèº‚Äç‚ôÇÔ∏è,Fietsrit,8984,"62,08",,"24,9","48,6",422.3,,0.0,
3354971583,"26 apr 2020, 09:30:17",Losrijden ,Fietsrit,6572,"40,90",193.0,"22,4","46,4",285.9,146.9,0.0,
3354959602,"26 apr 2020, 08:59:29",Ochtendrit,Fietsrit,702,"4,56",178.0,"23,4","37,1",33.2,153.7,0.0,
3346195160,"24 apr 2020, 15:35:26",Band ontploft üí£,Fietsrit,6483,"43,10",181.0,"23,9","45,4",375.0,160.0,0.0,
3337467202,"22 apr 2020, 17:35:12","Bosberg op, en terug af üòÖ",Fietsrit,7586,"53,67",212.0,"25,5","66,6",425.4,142.8,0.0,
3327349106,"20 apr 2020, 18:10:27",30km met Kristof en tegen de wind üí®üí®üö¥üèªüö¥üèº‚Äç‚ôÇÔ∏è,Fietsrit,6171,"40,97",200.0,"23,9","47,2",356.3,171.6,0.0,
3312332659,"17 apr 2020, 15:45:33",Middagrit,Fietsrit,9204,"62,75",192.0,"24,5","48,6",568.0,169.5,0.0,
3308421704,"16 apr 2020, 18:59:44",Avondrit,Fietsrit,2926,"19,93",193.0,"24,5","47,5",241.6,177.0,0.0,
3308421793,"16 apr 2020, 17:29:11",Middagrit met papa,Fietsrit,4203,"23,95",187.0,"20,5","43,9",224.2,149.5,0.0,
3298648217,"14 apr 2020, 17:06:21",Losrijden met Wesleyüö¥üèº‚Äç‚ôÇÔ∏èüö¥üèº‚Äç‚ôÇÔ∏è,Fietsrit,6444,"34,12",180.0,"19,1","45,0",320.0,138.4,0.0,
3293514806,"13 apr 2020, 14:07:19",üí®üí®üö¥üèª,Fietsrit,5990,"40,61",194.0,"24,4","46,1",374.4,171.5,0.0,
3288333577,"12 apr 2020, 12:36:12",Middagrit,Fietsrit,496,"2,82",181.0,"20,4","28,4",46.9,144.5,0.0,
3287981378,"12 apr 2020, 11:28:52",Middagrit,Fietsrit,469,"3,02",142.0,"23,2","41,8",8.6,124.4,0.0,
3284016870,"11 apr 2020, 12:29:17",Middagrit,Fietsrit,7026,"38,17",182.0,"19,6","42,1",351.5,141.8,0.0,
3276584294,"9 apr 2020, 17:33:43",Eerste 18km met Michiel,Fietsrit,7168,"45,07",199.0,"22,6","48,2",403.4,167.3,0.0,
3271358184,"8 apr 2020, 16:12:13",Middagrit met Lore üö¥üèª‚Äç‚ôÄÔ∏èüö¥üèº‚Äç‚ôÇÔ∏è,Fietsrit,3837,"21,82",192.0,"20,5","34,2",214.0,149.2,0.0,
3258644408,"5 apr 2020, 14:50:31",Met Lore üö¥üèª‚Äç‚ôÄÔ∏èüö¥üèº‚Äç‚ôÇÔ∏è,Fietsrit,4420,"24,93",196.0,"20,3","38,5",223.8,155.9,0.0,
3257654567,"5 apr 2020, 12:23:38",Met Lore üö¥üèª‚Äç‚ôÄÔ∏èüö¥üèº‚Äç‚ôÇÔ∏è,Fietsrit,2923,"17,02",195.0,"21,0","38,2",143.9,158.7,0.0,
3242451132,"1 apr 2020, 16:26:58",Middagrit,Fietsrit,3053,"19,74",197.0,"23,3","41,0",218.0,171.0,0.0,
3242172226,"1 apr 2020, 15:53:15",Middagrit,Fietsrit,424,"3,26",177.0,"27,7","33,8",3.6,159.8,0.0,
3228352378,"28 mrt 2020, 17:54:56",Middagrit,Fietsrit,647,"3,48",175.0,"19,4","27,0",45.6,143.9,0.0,
3228194677,"28 mrt 2020, 17:20:54",Middagrit,Fietsrit,793,"4,33",160.0,"19,7","30,2",30.6,136.9,0.0,
3227674503,"28 mrt 2020, 14:39:41",Ritje met Lore üö¥üèº‚Äç‚ôÇÔ∏èüö¥üèª‚Äç‚ôÄÔ∏è,Fietsrit,4368,"21,33",190.0,"17,6","32,4",216.4,148.2,0.0,
3223218181,"27 mrt 2020, 12:30:39",Middagloop,Hardloopsessie,1669,"4,17",193.0,"9,0","10,8",25.2,172.6,0.0,
3216079868,"25 mrt 2020, 12:26:53",Middagloop,Hardloopsessie,1598,"4,25",194.0,"9,6","11,2",25.8,182.9,0.0,
3191183752,"17 mrt 2020, 15:15:23",Middagloop,Hardloopsessie,1615,"4,24",194.0,"9,4","11,2",28.4,176.7,0.0,
3050973405,"28 jan 2020, 16:58:38",Middagloop,Hardloopsessie,1292,"3,39",190.0,"9,5","11,5",6.2,151.0,0.0,
3041481924,"25 jan 2020, 12:32:47",Middag loop,Hardloopsessie,1829,"4,28",,"8,4","13,7",16.3,,0.0,
3027309468,"19 jan 2020, 12:30:00",Middagloop,Hardloopsessie,1905,"4,78",,"9,0","0,0",0.0,,0.0,
3012762897,"15 jan 2020, 09:56:40",Eerste activiteit na operatie üí®üèÉ,Hardloopsessie,1632,"4,01",,"8,8","13,0",40.3,,0.0,
3012774063,"15 jan 2020, 09:56:32",Ochtendloop,Hardloopsessie,1610,"3,99",200.0,"8,9","10,4",40.3,188.2,0.0,
3012731223,"15 jan 2020, 09:52:37",Ochtendloop,Hardloopsessie,0,"0,00",76.0,"0,0","0,0",0.0,0.0,0.0,
2684888777,"6 sep 2019, 16:27:55",Middagrit,Fietsrit,2579,"16,13",,"22,5","42,1",7.3,,0.0,
2684257899,"6 sep 2019, 09:02:33",Ochtendrit,Fietsrit,8326,"34,93",,"15,1","77,0",753.9,,0.0,
2545899229,"19 jul 2019, 19:40:15",Avondloop,Hardloopsessie,1784,"4,34",195.0,"8,8","14,4",26.2,168.2,0.0,
2529178840,"13 jul 2019, 13:43:18",üí®üöµüèº‚Äç‚ôÇÔ∏è,Fietsrit,13368,"77,48",,"20,9","59,4",856.9,,0.0,
2299417223,"18 apr 2019, 16:36:44",Me Yarni 2,Fietsrit,983,"5,28",,"19,3","37,8",69.9,,0.0,
2299334065,"18 apr 2019, 15:59:19",Met Yarni,Fietsrit,857,"5,29",,"22,2","45,0",50.3,,0.0,
2251417315,"30 mrt 2019, 08:12:46",Parel van het Pajottenland,Fietsrit,15353,"102,15",,"24,0","53,6",805.9,,0.0,
2244620928,"27 mrt 2019, 15:24:04",üö¶üö•üö¶üö•,Fietsrit,3469,"21,96",,"22,8","45,0",182.0,,0.0,
2243681341,"27 mrt 2019, 05:59:16",Ochtendrit,Fietsrit,3165,"21,15",,"24,1","56,2",134.1,,0.0,
2168932818,"23 feb 2019, 09:39:23",Ochtendrit,Fietsrit,11143,"73,12",,"23,6","51,1",518.2,,0.0,
2162760865,"20 feb 2019, 15:26:40",Middagrit,Fietsrit,6104,"41,09",,"24,2","59,0",297.9,,0.0,
2155410743,"17 feb 2019, 13:38:45",Middagrit,Wandeling,1075,"1,30",,"4,3","6,8",0.0,,0.0,
2155265507,"17 feb 2019, 12:19:46",Gavers,Wandeling,1510,"1,82",,"4,3","7,2",0.0,,0.0,
2153374382,"16 feb 2019, 15:28:25",Middagrit,Fietsrit,6067,"41,58",,"24,7","54,7",308.4,,0.0,
2143245192,"13 feb 2019, 12:01:18",Middagrit,Fietsrit,7088,"43,90",,"22,3","45,4",345.6,,0.0,
2133792869,"9 feb 2019, 09:19:06",Ochtendrit,Fietsrit,6430,"37,89",,"21,2","58,3",205.7,,0.0,
1778492126,"17 aug 2018, 15:00:21",Middagrit,Fietsrit,7871,"51,51",,"23,6","41,8",335.1,,0.0,
1773392145,"15 aug 2018, 09:43:25",Ochtendrit,Fietsrit,7177,"43,82",,"22,0","45,0",359.4,,0.0,
1767097655,"12 aug 2018, 13:30:05",Middagrit,Fietsrit,5976,"39,20",,"23,6","48,6",294.3,,0.0,
1758475224,"8 aug 2018, 15:11:43",Middagrit,Fietsrit,5960,"36,33",,"21,9","45,4",222.7,,0.0,
1747044866,"3 aug 2018, 14:46:55",Middagrit,Fietsrit,6662,"38,22",,"20,7","52,9",422.7,,0.0,
1740492514,"31 jul 2018, 18:22:41",Avondrit,Fietsrit,4400,"27,76",,"22,7","55,1",242.7,,0.0,
1578059682,"17 mei 2018, 15:43:22",üí®üö¥üèº‚Äç‚ôÇÔ∏è,Fietsrit,7874,"52,52",,"24,0","49,7",433.4,,0.0,
1573882290,"15 mei 2018, 17:07:40",Middagrit,Fietsrit,5380,"35,59",,"23,8","58,7",249.9,,0.0,
1566489067,"12 mei 2018, 09:37:37",Ochtendrit,Fietsrit,7322,"41,39",,"20,4","46,8",340.5,,0.0,
1561668575,"10 mei 2018, 09:37:35",Losrijden,Fietsrit,5654,"33,65",,"21,4","45,0",305.5,,0.0,
1555647603,"7 mei 2018, 13:28:22",‚òÄÔ∏è‚òÄÔ∏è‚òÄÔ∏è,Fietsrit,6278,"42,13",,"24,2","46,4",334.8,,0.0,
1509322510,"15 apr 2018, 09:11:39",Ochtendrit,Fietsrit,5562,"36,25",,"23,5","47,5",305.1,,0.0,
1501664406,"10 apr 2018, 18:32:29",Avondrit,Fietsrit,1999,"11,09",,"20,0","47,5",138.4,,0.0,
1500415575,"10 apr 2018, 15:52:03",Avondrit,Fietsrit,2310,"16,41",,"25,6","47,2",144.5,,0.0,
1494014222,"7 apr 2018, 11:25:17",Middagrit,Fietsrit,3925,"23,78",,"21,8","41,4",168.5,,0.0,
1385013206,"31 jan 2018, 18:59:41",Tacx - Tacx,Fietsrit,2467,"21,35",,"31,2","39,2",0.0,,412.6,
1375850577,"26 jan 2018, 10:39:17",Ochtendrit,Fietsrit,3501,"22,10",,"22,7","40,3",196.4,,0.0,
1363382619,"18 jan 2018, 18:22:25",Tacx - Tacx,Fietsrit,2532,"21,72",,"30,9","37,4",0.0,,408.3,
1362993618,"16 jan 2018, 14:15:14",Tacx - 1e test,Fietsrit,1838,"15,27",,"29,9","35,6",0.0,,276.2,
1131078789,"13 aug 2017, 08:59:47",Ochtendrit,Fietsrit,11090,"70,30",,"22,8","54,0",579.6,,0.0,
1125353533,"9 aug 2017, 17:42:37",Middagrit,Fietsrit,6866,"45,07",,"23,6","55,4",368.8,,0.0,
1108277764,"30 jul 2017, 09:13:07",üí®üí®üö¥üèª,Fietsrit,6534,"43,01",,"23,7","43,9",315.9,,0.0,
1074695607,"9 jul 2017, 09:38:55",Ochtendrit,Fietsrit,6924,"45,32",,"23,6","45,7",279.3,,0.0,
1045853162,"20 jun 2017, 17:13:18",Veel te warm ‚òÑÔ∏è,Fietsrit,4487,"30,76",,"24,7","50,0",310.1,,0.0,
1045750062,"20 jun 2017, 17:10:32",Middagrit,Fietsrit,0,"0,02",,"0,0","2,5",0.0,,0.0,
